OrderYear,OrderMonth,IsWeekendOrder,Quantity,UnitPrice,TotalPrice,ItemsInCart,CartFillRatio,HasCoupon,Product_Chair,Product_Desk,Product_Laptop,Product_Monitor,Product_Phone,Product_Printer,Product_Tablet,PaymentMethod_Cash,PaymentMethod_Credit Card,PaymentMethod_Debit Card,PaymentMethod_Gift Card,PaymentMethod_Online,CouponCode_FREESHIP,CouponCode_NoCoupon,CouponCode_SAVE10,CouponCode_WINTER15,ReferralSource_Email,ReferralSource_Facebook,ReferralSource_Google,ReferralSource_Instagram,ReferralSource_Referral,OrderStatus,IsCancelled,IsReturned,IsCancelledOrReturned
2023,1,0,5,570.62,2853.1,7,0.714,1,0,0,0,1,0,0,0,0,0,1,0,0,0,0,1,0,0,0,0,1,0,Shipped,0,0,0
2024,8,0,2,151.35,302.7,3,0.667,1,0,0,0,0,1,0,0,0,0,0,0,1,0,0,1,0,0,0,0,0,1,Shipped,0,0,0
2024,2,0,5,550.68,2753.4,8,0.625,1,0,0,0,0,0,0,1,0,1,0,0,0,1,0,0,0,1,0,0,0,0,Cancelled,1,0,1
2023,10,1,1,273.19,273.19,5,0.2,1,1,0,0,0,0,0,0,0,0,1,0,0,0,0,1,0,0,1,0,0,0,Returned,0,1,1
2025,5,0,4,626.01,2504.04,8,0.5,1,0,0,0,0,0,1,0,0,0,0,0,1,0,0,1,0,1,0,0,0,0,Delivered,0,0,0
2023,10,0,2,245.86,491.72,4,0.5,1,0,0,0,0,1,0,0,0,1,0,0,0,0,0,1,0,0,0,0,1,0,Shipped,0,0,0
2025,6,0,1,664.42,664.42,6,0.167,1,0,0,1,0,0,0,0,0,0,0,1,0,0,0,1,0,0,1,0,0,0,Returned,0,1,1
2023,5,0,5,149.55,747.75,9,0.556,1,0,0,0,1,0,0,0,1,0,0,0,0,1,0,0,0,0,1,0,0,0,Shipped,0,0,0
2025,4,0,2,134.28,268.56,2,1.0,0,0,0,0,0,1,0,0,0,0,0,1,0,0,1,0,0,1,0,0,0,0,Cancelled,1,0,1
2023,11,0,4,509.38,2037.52,6,0.667,1,0,1,0,0,0,0,0,0,1,0,0,0,0,0,1,0,0,0,1,0,0,Shipped,0,0,0
2023,12,0,5,625.97,3129.85,9,0.556,1,0,0,0,0,0,0,1,0,1,0,0,0,0,0,0,1,0,0,0,1,0,Returned,0,1,1
2024,2,1,3,49.14,147.42,7,0.429,1,0,0,0,1,0,0,0,0,0,0,0,1,0,0,1,0,1,0,0,0,0,Returned,0,1,1
2024,10,0,2,180.5,361.0,6,0.333,1,0,0,0,1,0,0,0,0,0,1,0,0,1,0,0,0,0,0,0,0,1,Pending,0,0,0
2023,8,0,3,201.49,604.47,4,0.75,1,0,0,1,0,0,0,0,0,1,0,0,0,1,0,0,0,0,1,0,0,0,Returned,0,1,1
2023,3,0,2,393.33,786.66,3,0.667,1,0,0,0,0,0,0,1,0,0,1,0,0,0,0,1,0,0,0,0,1,0,Pending,0,0,0
2023,7,0,1,473.96,473.96,3,0.333,0,0,0,0,0,0,1,0,1,0,0,0,0,0,1,0,0,0,0,1,0,0,Delivered,0,0,0
2023,1,0,2,533.81,1067.62,3,0.667,1,0,0,0,0,0,1,0,0,1,0,0,0,1,0,0,0,1,0,0,0,0,Pending,0,0,0
2024,3,1,1,423.4,423.4,3,0.333,0,0,0,0,0,0,0,1,0,0,1,0,0,0,1,0,0,0,0,0,0,1,Shipped,0,0,0
2025,3,0,1,431.44,431.44,3,0.333,1,0,1,0,0,0,0,0,0,0,0,1,0,0,0,1,0,0,1,0,0,0,Pending,0,0,0
2023,1,0,5,224.0,1120.0,9,0.556,1,0,0,0,1,0,0,0,1,0,0,0,0,0,0,1,0,0,0,1,0,0,Returned,0,1,1
2023,5,0,5,62.51,312.55,9,0.556,1,1,0,0,0,0,0,0,1,0,0,0,0,0,0,0,1,0,0,0,1,0,Pending,0,0,0
2024,11,1,4,342.95,1371.8,6,0.667,0,0,0,0,1,0,0,0,1,0,0,0,0,0,1,0,0,0,0,1,0,0,Delivered,0,0,0
2023,1,1,2,49.62,99.24,2,1.0,1,0,0,0,1,0,0,0,0,0,0,0,1,0,0,1,0,0,0,1,0,0,Pending,0,0,0
2025,4,0,4,273.25,1093.0,5,0.8,1,0,0,0,0,1,0,0,0,0,1,0,0,1,0,0,0,0,0,0,0,1,Cancelled,1,0,1
2024,10,0,2,230.95,461.9,3,0.667,1,0,0,1,0,0,0,0,0,0,0,0,1,0,0,0,1,0,0,0,0,1,Delivered,0,0,0
2024,7,0,1,399.98,399.98,3,0.333,1,0,0,0,1,0,0,0,0,0,1,0,0,0,0,0,1,1,0,0,0,0,Delivered,0,0,0
2024,3,0,5,59.55,297.75,6,0.833,0,0,0,1,0,0,0,0,0,0,0,0,1,0,1,0,0,0,0,0,0,1,Delivered,0,0,0
2024,2,0,1,472.74,472.74,6,0.167,1,0,0,0,0,0,1,0,0,0,0,0,1,0,0,0,1,0,0,1,0,0,Shipped,0,0,0
2023,11,0,4,160.07,640.28,5,0.8,0,0,0,0,0,1,0,0,0,0,0,0,1,0,1,0,0,1,0,0,0,0,Pending,0,0,0
2024,9,0,3,423.53,1270.59,6,0.5,1,0,1,0,0,0,0,0,0,1,0,0,0,0,0,1,0,0,0,0,0,1,Delivered,0,0,0
2025,3,1,2,426.7,853.4,5,0.4,1,0,0,0,1,0,0,0,0,0,0,0,1,0,0,1,0,0,0,0,0,1,Pending,0,0,0
2023,6,0,3,500.08,1500.24,6,0.5,0,1,0,0,0,0,0,0,0,0,1,0,0,0,1,0,0,0,1,0,0,0,Returned,0,1,1
2023,5,0,5,536.72,2683.6,10,0.5,0,0,0,0,0,0,0,1,1,0,0,0,0,0,1,0,0,1,0,0,0,0,Delivered,0,0,0
2023,6,0,1,162.77,162.77,4,0.25,1,1,0,0,0,0,0,0,0,0,0,0,1,0,0,0,1,0,1,0,0,0,Cancelled,1,0,1
2023,1,1,4,576.52,2306.08,5,0.8,1,1,0,0,0,0,0,0,0,1,0,0,0,0,0,0,1,0,1,0,0,0,Pending,0,0,0
2024,12,1,2,465.15,930.3,2,1.0,1,0,0,0,1,0,0,0,0,0,0,0,1,0,0,1,0,0,1,0,0,0,Shipped,0,0,0
2025,5,0,2,534.43,1068.86,5,0.4,0,0,0,1,0,0,0,0,0,0,1,0,0,0,1,0,0,0,1,0,0,0,Pending,0,0,0
2024,10,0,2,76.74,153.48,7,0.286,1,0,0,1,0,0,0,0,1,0,0,0,0,0,0,1,0,0,0,0,1,0,Returned,0,1,1
2024,12,0,1,245.89,245.89,3,0.333,1,0,0,1,0,0,0,0,0,0,1,0,0,0,0,1,0,0,0,1,0,0,Delivered,0,0,0
2025,2,0,3,256.46,769.3799999999999,4,0.75,1,0,0,0,0,0,1,0,0,1,0,0,0,0,0,1,0,0,0,0,0,1,Delivered,0,0,0
2023,8,1,2,344.02,688.04,4,0.5,1,0,1,0,0,0,0,0,0,0,0,0,1,1,0,0,0,0,0,0,1,0,Delivered,0,0,0
2023,12,0,3,611.45,1834.35,4,0.75,1,0,0,0,1,0,0,0,0,0,0,1,0,1,0,0,0,0,0,0,1,0,Pending,0,0,0
2024,5,0,2,151.66,303.32,6,0.333,0,0,0,0,0,0,1,0,1,0,0,0,0,0,1,0,0,0,0,0,1,0,Cancelled,1,0,1
2023,12,0,3,499.21,1497.63,8,0.375,0,1,0,0,0,0,0,0,0,0,0,0,1,0,1,0,0,0,0,0,1,0,Cancelled,1,0,1
2025,4,0,2,550.18,1100.36,3,0.667,1,0,0,0,0,1,0,0,0,0,0,1,0,1,0,0,0,0,0,0,0,1,Returned,0,1,1
2024,2,1,1,317.25,317.25,1,1.0,1,1,0,0,0,0,0,0,0,0,1,0,0,0,0,1,0,0,1,0,0,0,Returned,0,1,1
2024,6,0,4,550.14,2200.56,4,1.0,1,0,0,0,1,0,0,0,0,0,1,0,0,1,0,0,0,0,0,0,1,0,Pending,0,0,0
2023,7,0,2,209.94,419.88,3,0.667,1,0,1,0,0,0,0,0,0,1,0,0,0,1,0,0,0,1,0,0,0,0,Returned,0,1,1
2023,8,1,2,80.77,161.54,4,0.5,0,0,0,0,1,0,0,0,0,0,1,0,0,0,1,0,0,0,0,1,0,0,Shipped,0,0,0
2023,10,1,1,30.44,30.44,1,1.0,1,0,0,0,0,0,1,0,0,1,0,0,0,0,0,1,0,1,0,0,0,0,Shipped,0,0,0
2023,7,0,1,179.22,179.22,6,0.167,1,0,0,0,0,0,0,1,0,0,0,0,1,1,0,0,0,0,0,0,1,0,Cancelled,1,0,1
2024,12,0,1,388.33,388.33,2,0.5,1,0,0,0,0,0,0,1,1,0,0,0,0,0,0,1,0,0,1,0,0,0,Returned,0,1,1
2024,9,1,1,586.44,586.44,5,0.2,1,0,0,0,0,0,0,1,0,0,0,0,1,0,0,1,0,0,1,0,0,0,Returned,0,1,1
2024,5,1,4,488.78,1955.12,5,0.8,1,0,0,0,0,1,0,0,0,0,0,0,1,1,0,0,0,0,0,1,0,0,Returned,0,1,1
2025,3,0,1,280.25,280.25,5,0.2,1,1,0,0,0,0,0,0,0,0,0,0,1,0,0,0,1,1,0,0,0,0,Pending,0,0,0
2025,6,0,3,344.4,1033.2,3,1.0,0,0,0,0,0,0,1,0,0,0,0,0,1,0,1,0,0,0,1,0,0,0,Cancelled,1,0,1
2023,5,1,3,479.21,1437.63,5,0.6,1,0,0,0,0,0,0,1,1,0,0,0,0,0,0,0,1,0,0,0,0,1,Cancelled,1,0,1
2023,1,1,5,314.27,1571.35,6,0.833,1,0,0,0,0,0,1,0,1,0,0,0,0,0,0,1,0,0,0,0,1,0,Returned,0,1,1
2023,1,1,4,474.69,1898.76,6,0.667,1,0,0,0,0,1,0,0,0,0,0,1,0,0,0,1,0,0,0,1,0,0,Cancelled,1,0,1
2024,9,0,4,593.27,2373.08,5,0.8,0,1,0,0,0,0,0,0,0,0,0,0,1,0,1,0,0,0,1,0,0,0,Shipped,0,0,0
2024,8,0,1,417.1,417.1,3,0.333,1,0,1,0,0,0,0,0,0,0,1,0,0,1,0,0,0,0,0,0,0,1,Returned,0,1,1
2024,3,1,4,122.2,488.8,7,0.571,1,0,1,0,0,0,0,0,1,0,0,0,0,1,0,0,0,0,1,0,0,0,Delivered,0,0,0
2023,8,0,2,43.15,86.3,3,0.667,1,0,1,0,0,0,0,0,0,0,1,0,0,0,0,0,1,1,0,0,0,0,Pending,0,0,0
2025,2,1,1,564.86,564.86,6,0.167,1,1,0,0,0,0,0,0,0,0,1,0,0,0,0,0,1,0,0,0,0,1,Shipped,0,0,0
2025,6,0,3,130.61,391.83,4,0.75,1,0,0,0,0,0,1,0,0,0,1,0,0,1,0,0,0,0,1,0,0,0,Cancelled,1,0,1
2023,12,1,5,81.7,408.5,6,0.833,0,0,0,0,1,0,0,0,0,1,0,0,0,0,1,0,0,0,0,0,1,0,Delivered,0,0,0
2024,11,0,5,127.18,635.9000000000001,9,0.556,1,1,0,0,0,0,0,0,1,0,0,0,0,0,0,1,0,0,0,0,0,1,Cancelled,1,0,1
2024,12,0,4,12.1,48.4,8,0.5,0,0,0,0,0,0,1,0,0,0,1,0,0,0,1,0,0,0,0,1,0,0,Cancelled,1,0,1
2023,12,0,3,490.92,1472.76,5,0.6,1,1,0,0,0,0,0,0,0,1,0,0,0,1,0,0,0,1,0,0,0,0,Pending,0,0,0
2023,5,0,3,478.65,1435.95,4,0.75,0,0,0,0,1,0,0,0,0,0,0,0,1,0,1,0,0,0,0,0,0,1,Shipped,0,0,0
2023,5,0,1,629.21,629.21,2,0.5,1,0,1,0,0,0,0,0,0,0,0,1,0,1,0,0,0,0,0,0,1,0,Pending,0,0,0
2025,6,0,3,434.45,1303.35,4,0.75,0,0,0,0,1,0,0,0,0,1,0,0,0,0,1,0,0,0,0,0,0,1,Pending,0,0,0
2024,12,1,4,589.44,2357.76,5,0.8,0,0,0,0,0,0,0,1,0,0,0,1,0,0,1,0,0,0,1,0,0,0,Returned,0,1,1
2023,5,0,4,433.45,1733.8,4,1.0,0,0,0,0,1,0,0,0,0,0,0,1,0,0,1,0,0,0,1,0,0,0,Cancelled,1,0,1
2023,6,1,5,90.87,454.35,5,1.0,0,0,0,0,0,1,0,0,1,0,0,0,0,0,1,0,0,0,0,0,1,0,Pending,0,0,0
2023,9,0,3,398.17,1194.51,5,0.6,1,0,0,0,0,0,0,1,0,0,1,0,0,0,0,1,0,1,0,0,0,0,Delivered,0,0,0
2024,3,1,4,382.88,1531.52,6,0.667,1,0,0,1,0,0,0,0,1,0,0,0,0,0,0,0,1,1,0,0,0,0,Cancelled,1,0,1
2024,5,0,1,583.18,583.18,5,0.2,0,0,0,0,0,1,0,0,0,1,0,0,0,0,1,0,0,0,0,1,0,0,Returned,0,1,1
2024,8,0,4,175.36,701.44,4,1.0,1,0,0,0,0,0,1,0,0,0,1,0,0,1,0,0,0,0,0,0,1,0,Delivered,0,0,0
2025,3,0,2,311.91,623.82,2,1.0,0,0,0,0,0,0,0,1,0,0,0,0,1,0,1,0,0,0,1,0,0,0,Shipped,0,0,0
2023,6,0,3,589.56,1768.68,6,0.5,0,0,0,0,0,1,0,0,0,0,0,0,1,0,1,0,0,0,1,0,0,0,Returned,0,1,1
2023,6,0,2,394.3,788.6,6,0.333,1,0,0,0,1,0,0,0,1,0,0,0,0,1,0,0,0,1,0,0,0,0,Shipped,0,0,0
2024,1,0,4,565.2,2260.8,9,0.444,1,0,0,0,0,0,0,1,0,0,1,0,0,0,0,1,0,0,0,1,0,0,Shipped,0,0,0
2023,8,0,4,540.41,2161.64,6,0.667,0,0,0,1,0,0,0,0,0,1,0,0,0,0,1,0,0,0,0,0,0,1,Cancelled,1,0,1
2023,8,0,2,165.49,330.98,4,0.5,1,0,0,0,1,0,0,0,0,0,0,0,1,0,0,0,1,0,0,0,1,0,Shipped,0,0,0
2024,9,0,3,146.73,440.1899999999999,8,0.375,1,0,0,0,0,0,0,1,1,0,0,0,0,1,0,0,0,1,0,0,0,0,Delivered,0,0,0
2024,6,0,5,643.03,3215.15,5,1.0,1,0,0,0,0,0,1,0,0,0,0,0,1,1,0,0,0,0,0,0,0,1,Cancelled,1,0,1
2024,10,0,3,225.11,675.33,4,0.75,1,0,0,0,0,0,0,1,1,0,0,0,0,0,0,1,0,0,1,0,0,0,Shipped,0,0,0
2025,6,0,3,114.81,344.43,7,0.429,0,0,1,0,0,0,0,0,0,0,0,1,0,0,1,0,0,0,0,1,0,0,Cancelled,1,0,1
2025,2,0,5,455.33,2276.65,8,0.625,1,0,0,0,0,0,1,0,0,1,0,0,0,1,0,0,0,0,0,1,0,0,Cancelled,1,0,1
2023,9,0,4,182.08,728.32,4,1.0,1,1,0,0,0,0,0,0,0,0,0,1,0,0,0,1,0,1,0,0,0,0,Delivered,0,0,0
2023,3,0,5,492.75,2463.75,6,0.833,1,0,0,1,0,0,0,0,1,0,0,0,0,0,0,0,1,0,0,0,0,1,Shipped,0,0,0
2024,6,0,4,48.61,194.44,7,0.571,1,0,0,0,0,0,1,0,0,0,0,0,1,1,0,0,0,0,1,0,0,0,Shipped,0,0,0
2023,1,1,4,431.01,1724.04,7,0.571,0,0,1,0,0,0,0,0,0,1,0,0,0,0,1,0,0,0,0,0,0,1,Returned,0,1,1
2023,2,1,1,531.18,531.18,6,0.167,1,1,0,0,0,0,0,0,0,0,0,1,0,0,0,0,1,0,0,0,1,0,Returned,0,1,1
2023,3,0,4,117.51,470.04,7,0.571,0,0,0,0,0,0,1,0,0,0,1,0,0,0,1,0,0,0,0,0,0,1,Returned,0,1,1
2024,6,1,2,232.83,465.66,7,0.286,0,0,0,0,0,1,0,0,0,0,0,1,0,0,1,0,0,0,0,0,1,0,Delivered,0,0,0
2025,1,0,5,619.52,3097.6,9,0.556,0,0,0,0,0,0,0,1,0,0,1,0,0,0,1,0,0,1,0,0,0,0,Pending,0,0,0
2023,1,1,2,228.54,457.08,3,0.667,0,0,0,0,0,0,1,0,0,0,1,0,0,0,1,0,0,1,0,0,0,0,Pending,0,0,0
2025,4,1,1,201.58,201.58,2,0.5,1,0,0,0,0,0,1,0,0,0,1,0,0,0,0,0,1,1,0,0,0,0,Cancelled,1,0,1
2023,2,0,3,664.79,1994.37,6,0.5,0,0,0,0,0,1,0,0,0,0,0,0,1,0,1,0,0,0,1,0,0,0,Delivered,0,0,0
2023,11,1,1,381.02,381.02,6,0.167,0,0,0,0,0,0,1,0,1,0,0,0,0,0,1,0,0,0,0,1,0,0,Shipped,0,0,0
2023,3,0,2,70.34,140.68,3,0.667,1,0,0,1,0,0,0,0,0,0,0,1,0,1,0,0,0,1,0,0,0,0,Cancelled,1,0,1
2025,1,1,4,218.43,873.72,9,0.444,1,0,0,0,0,1,0,0,0,1,0,0,0,0,0,1,0,1,0,0,0,0,Cancelled,1,0,1
2024,7,0,1,582.04,582.04,1,1.0,1,0,0,0,0,1,0,0,0,0,0,1,0,1,0,0,0,1,0,0,0,0,Delivered,0,0,0
2024,10,0,3,185.4,556.2,7,0.429,0,0,0,0,0,0,1,0,0,0,0,1,0,0,1,0,0,0,1,0,0,0,Cancelled,1,0,1
2023,9,0,3,465.05,1395.15,3,1.0,1,0,1,0,0,0,0,0,0,1,0,0,0,0,0,1,0,1,0,0,0,0,Cancelled,1,0,1
2023,3,0,5,670.75,3353.75,8,0.625,1,0,0,0,0,0,1,0,0,0,0,1,0,1,0,0,0,0,0,0,1,0,Shipped,0,0,0
2024,12,1,5,48.38,241.9,9,0.556,1,0,0,1,0,0,0,0,0,0,0,1,0,0,0,0,1,1,0,0,0,0,Delivered,0,0,0
2023,9,1,3,592.87,1778.61,3,1.0,1,0,1,0,0,0,0,0,0,0,0,1,0,1,0,0,0,0,0,0,0,1,Shipped,0,0,0
2024,4,1,1,220.77,220.77,5,0.2,1,0,0,0,0,0,0,1,0,0,0,1,0,1,0,0,0,0,0,0,1,0,Pending,0,0,0
2025,5,0,3,309.22,927.6600000000001,7,0.429,1,0,1,0,0,0,0,0,0,0,0,0,1,1,0,0,0,0,0,1,0,0,Cancelled,1,0,1
2023,1,1,1,410.6,410.6,2,0.5,1,0,0,0,1,0,0,0,0,0,0,0,1,0,0,0,1,0,0,0,0,1,Cancelled,1,0,1
2024,1,0,5,190.08,950.4000000000001,9,0.556,1,0,0,1,0,0,0,0,1,0,0,0,0,1,0,0,0,0,0,0,1,0,Shipped,0,0,0
2025,1,0,5,498.48,2492.4,8,0.625,1,0,0,0,1,0,0,0,0,0,0,0,1,0,0,1,0,0,0,1,0,0,Pending,0,0,0
2023,11,0,5,374.99,1874.95,9,0.556,1,0,0,0,0,1,0,0,0,0,0,0,1,0,0,1,0,0,1,0,0,0,Shipped,0,0,0
2023,3,1,4,291.35,1165.4,6,0.667,1,0,0,0,0,0,1,0,0,1,0,0,0,0,0,0,1,0,1,0,0,0,Cancelled,1,0,1
2023,3,0,1,535.5,535.5,5,0.2,1,0,0,0,0,0,0,1,0,0,0,1,0,0,0,0,1,0,0,0,0,1,Cancelled,1,0,1
2023,10,0,5,502.71,2513.55,7,0.714,1,0,0,0,0,0,1,0,0,0,0,1,0,1,0,0,0,0,0,1,0,0,Shipped,0,0,0
2025,6,0,2,534.67,1069.34,7,0.286,1,0,1,0,0,0,0,0,0,0,1,0,0,1,0,0,0,0,0,0,0,1,Shipped,0,0,0
2023,4,0,4,629.34,2517.36,4,1.0,1,0,0,0,0,0,0,1,1,0,0,0,0,0,0,0,1,0,0,0,1,0,Cancelled,1,0,1
2023,11,0,1,410.78,410.78,1,1.0,1,0,1,0,0,0,0,0,1,0,0,0,0,1,0,0,0,0,0,0,1,0,Cancelled,1,0,1
2024,4,0,2,533.02,1066.04,2,1.0,0,0,0,1,0,0,0,0,0,0,0,1,0,0,1,0,0,0,1,0,0,0,Shipped,0,0,0
2023,7,0,3,278.04,834.1200000000001,5,0.6,0,0,1,0,0,0,0,0,0,0,0,0,1,0,1,0,0,0,0,0,1,0,Delivered,0,0,0
2024,7,1,4,283.79,1135.16,8,0.5,0,0,0,0,0,0,1,0,0,0,0,0,1,0,1,0,0,0,0,1,0,0,Pending,0,0,0
2024,11,0,2,512.65,1025.3,5,0.4,1,0,0,0,0,1,0,0,0,1,0,0,0,0,0,1,0,1,0,0,0,0,Shipped,0,0,0
2025,5,1,4,275.5,1102.0,8,0.5,1,0,1,0,0,0,0,0,0,0,0,1,0,1,0,0,0,0,0,1,0,0,Shipped,0,0,0
2023,8,0,3,469.32,1407.96,3,1.0,0,0,1,0,0,0,0,0,0,0,1,0,0,0,1,0,0,0,0,1,0,0,Shipped,0,0,0
2023,2,0,4,21.07,84.28,4,1.0,1,0,0,0,0,0,0,1,0,0,0,1,0,1,0,0,0,0,0,1,0,0,Delivered,0,0,0
2023,10,0,4,263.93,1055.72,4,1.0,1,0,0,1,0,0,0,0,0,0,1,0,0,1,0,0,0,0,1,0,0,0,Shipped,0,0,0
2025,1,0,3,501.3,1503.9,3,1.0,1,0,1,0,0,0,0,0,0,0,0,0,1,0,0,0,1,0,1,0,0,0,Cancelled,1,0,1
2023,1,1,1,84.8,84.8,5,0.2,0,0,0,0,0,0,0,1,0,0,0,1,0,0,1,0,0,0,0,0,1,0,Pending,0,0,0
2023,3,0,4,450.75,1803.0,6,0.667,1,0,0,0,0,0,0,1,0,1,0,0,0,0,0,0,1,1,0,0,0,0,Shipped,0,0,0
2025,6,0,4,302.05,1208.2,6,0.667,1,1,0,0,0,0,0,0,0,0,1,0,0,0,0,1,0,0,0,1,0,0,Cancelled,1,0,1
2025,6,0,2,199.7,399.4,4,0.5,0,0,0,1,0,0,0,0,1,0,0,0,0,0,1,0,0,1,0,0,0,0,Pending,0,0,0
2023,8,0,2,68.81,137.62,5,0.4,1,0,0,0,0,0,1,0,0,0,0,1,0,0,0,1,0,0,0,0,0,1,Shipped,0,0,0
2024,4,1,1,44.35,44.35,1,1.0,1,0,0,1,0,0,0,0,0,0,0,1,0,0,0,1,0,0,0,0,1,0,Cancelled,1,0,1
2024,11,0,2,250.98,501.96,5,0.4,0,0,0,0,1,0,0,0,0,1,0,0,0,0,1,0,0,0,0,1,0,0,Delivered,0,0,0
2023,12,0,1,298.06,298.06,3,0.333,1,0,0,0,0,0,0,1,0,0,1,0,0,0,0,0,1,0,0,1,0,0,Pending,0,0,0
2023,4,0,1,583.9,583.9,1,1.0,0,0,0,0,0,1,0,0,1,0,0,0,0,0,1,0,0,1,0,0,0,0,Returned,0,1,1
2025,5,1,3,528.14,1584.42,3,1.0,1,1,0,0,0,0,0,0,0,0,0,0,1,1,0,0,0,1,0,0,0,0,Delivered,0,0,0
2023,11,1,3,684.14,2052.42,3,1.0,1,0,0,0,0,0,1,0,1,0,0,0,0,0,0,0,1,0,0,0,1,0,Cancelled,1,0,1
2023,9,0,5,272.77,1363.85,7,0.714,1,0,1,0,0,0,0,0,1,0,0,0,0,0,0,0,1,1,0,0,0,0,Pending,0,0,0
2024,6,0,4,400.07,1600.28,5,0.8,0,1,0,0,0,0,0,0,0,0,0,0,1,0,1,0,0,0,0,0,0,1,Shipped,0,0,0
2023,8,0,5,219.78,1098.9,8,0.625,0,0,1,0,0,0,0,0,0,1,0,0,0,0,1,0,0,0,1,0,0,0,Pending,0,0,0
2024,3,1,3,146.91,440.73,6,0.5,1,0,0,0,0,0,1,0,0,1,0,0,0,1,0,0,0,0,0,1,0,0,Delivered,0,0,0
2025,4,0,2,411.49,822.98,4,0.5,0,0,0,0,0,0,0,1,0,1,0,0,0,0,1,0,0,0,0,0,1,0,Returned,0,1,1
2025,5,0,2,465.18,930.36,2,1.0,1,0,0,1,0,0,0,0,0,1,0,0,0,0,0,1,0,0,0,1,0,0,Cancelled,1,0,1
2024,12,1,2,319.91,639.82,3,0.667,1,0,0,0,0,1,0,0,0,1,0,0,0,0,0,0,1,0,0,1,0,0,Cancelled,1,0,1
2023,12,0,1,217.56,217.56,3,0.333,0,0,0,1,0,0,0,0,0,0,1,0,0,0,1,0,0,0,1,0,0,0,Delivered,0,0,0
2023,12,0,2,105.57,211.14,5,0.4,1,0,0,0,0,1,0,0,0,0,1,0,0,0,0,0,1,0,0,1,0,0,Returned,0,1,1
2023,12,0,5,444.76,2223.8,7,0.714,0,0,0,0,0,0,1,0,0,0,1,0,0,0,1,0,0,1,0,0,0,0,Returned,0,1,1
2025,1,0,2,399.04,798.08,3,0.667,1,1,0,0,0,0,0,0,1,0,0,0,0,1,0,0,0,0,0,0,0,1,Cancelled,1,0,1
2024,12,0,4,534.48,2137.92,9,0.444,1,1,0,0,0,0,0,0,0,0,0,0,1,0,0,0,1,0,0,0,1,0,Returned,0,1,1
2023,7,0,4,408.21,1632.84,9,0.444,0,0,0,0,0,1,0,0,0,1,0,0,0,0,1,0,0,0,0,0,1,0,Pending,0,0,0
2023,2,0,1,424.4,424.4,6,0.167,1,0,0,0,0,1,0,0,0,0,0,0,1,0,0,0,1,0,0,0,0,1,Shipped,0,0,0
2024,11,0,2,269.83,539.66,4,0.5,1,1,0,0,0,0,0,0,0,0,0,0,1,0,0,1,0,1,0,0,0,0,Delivered,0,0,0
2025,2,0,2,564.58,1129.16,4,0.5,1,0,0,0,1,0,0,0,0,0,0,0,1,0,0,0,1,0,1,0,0,0,Returned,0,1,1
2024,5,0,1,331.06,331.06,5,0.2,1,0,0,0,0,0,0,1,0,1,0,0,0,0,0,0,1,0,0,0,1,0,Pending,0,0,0
2023,10,0,1,299.35,299.35,5,0.2,1,0,0,0,0,0,1,0,0,1,0,0,0,0,0,0,1,1,0,0,0,0,Cancelled,1,0,1
2023,2,0,4,101.32,405.28,7,0.571,0,0,0,0,1,0,0,0,1,0,0,0,0,0,1,0,0,0,0,0,0,1,Pending,0,0,0
2024,3,0,1,211.14,211.14,1,1.0,1,0,0,0,1,0,0,0,0,1,0,0,0,0,0,1,0,0,1,0,0,0,Cancelled,1,0,1
2023,7,0,3,65.86,197.58,8,0.375,1,1,0,0,0,0,0,0,0,0,0,0,1,0,0,0,1,0,0,1,0,0,Pending,0,0,0
2025,6,0,1,641.39,641.39,1,1.0,0,0,0,0,0,0,0,1,0,0,0,0,1,0,1,0,0,0,0,0,0,1,Cancelled,1,0,1
2023,12,0,5,536.58,2682.9,5,1.0,1,0,1,0,0,0,0,0,0,0,0,1,0,0,0,1,0,0,0,1,0,0,Pending,0,0,0
2024,9,1,2,500.29,1000.58,7,0.286,1,0,0,0,1,0,0,0,0,0,0,0,1,0,0,0,1,0,0,1,0,0,Returned,0,1,1
2025,3,0,3,86.29,258.87,6,0.5,1,1,0,0,0,0,0,0,1,0,0,0,0,0,0,0,1,0,0,0,1,0,Delivered,0,0,0
2023,5,1,2,384.14,768.28,2,1.0,1,1,0,0,0,0,0,0,0,0,0,0,1,0,0,0,1,1,0,0,0,0,Returned,0,1,1
2025,1,1,1,594.96,594.96,6,0.167,0,0,0,0,0,0,1,0,1,0,0,0,0,0,1,0,0,0,1,0,0,0,Returned,0,1,1
2024,4,1,1,427.82,427.82,2,0.5,1,0,0,0,0,0,1,0,0,0,0,0,1,0,0,0,1,1,0,0,0,0,Delivered,0,0,0
2025,4,0,4,662.94,2651.76,8,0.5,1,0,1,0,0,0,0,0,1,0,0,0,0,0,0,1,0,0,0,0,1,0,Cancelled,1,0,1
2023,8,0,2,148.22,296.44,7,0.286,1,0,0,0,0,0,0,1,0,1,0,0,0,0,0,0,1,0,0,0,1,0,Delivered,0,0,0
2025,4,1,1,254.12,254.12,1,1.0,1,0,0,0,0,0,1,0,0,0,0,0,1,0,0,0,1,1,0,0,0,0,Delivered,0,0,0
2024,3,1,3,664.46,1993.38,4,0.75,1,0,0,0,0,1,0,0,0,0,0,0,1,1,0,0,0,0,0,1,0,0,Delivered,0,0,0
2024,4,0,4,600.81,2403.24,9,0.444,1,0,0,0,0,0,1,0,0,0,1,0,0,0,0,1,0,1,0,0,0,0,Delivered,0,0,0
2025,2,1,5,68.34,341.7,6,0.833,1,1,0,0,0,0,0,0,0,0,1,0,0,0,0,0,1,0,0,0,0,1,Pending,0,0,0
2025,6,1,4,430.83,1723.32,8,0.5,1,0,0,0,0,0,0,1,0,0,0,1,0,0,0,0,1,0,0,0,0,1,Pending,0,0,0
2023,8,1,5,431.69,2158.45,10,0.5,0,1,0,0,0,0,0,0,0,1,0,0,0,0,1,0,0,0,1,0,0,0,Pending,0,0,0
2024,4,0,4,512.06,2048.24,5,0.8,1,1,0,0,0,0,0,0,0,0,0,0,1,0,0,1,0,0,0,1,0,0,Delivered,0,0,0
2024,11,1,3,539.91,1619.73,8,0.375,0,0,0,1,0,0,0,0,0,1,0,0,0,0,1,0,0,1,0,0,0,0,Delivered,0,0,0
2023,3,1,5,316.07,1580.35,10,0.5,0,0,0,0,0,0,0,1,1,0,0,0,0,0,1,0,0,0,0,1,0,0,Returned,0,1,1
2024,8,1,5,404.39,2021.95,10,0.5,0,0,0,0,0,0,1,0,0,0,0,0,1,0,1,0,0,0,0,0,0,1,Shipped,0,0,0
2025,3,0,1,600.54,600.54,4,0.25,1,0,1,0,0,0,0,0,0,0,1,0,0,0,0,0,1,0,0,1,0,0,Pending,0,0,0
2024,4,0,5,186.28,931.4,8,0.625,1,0,0,0,1,0,0,0,0,0,1,0,0,0,0,1,0,1,0,0,0,0,Delivered,0,0,0
2024,4,0,4,214.54,858.16,7,0.571,0,0,0,0,0,0,0,1,0,0,0,1,0,0,1,0,0,0,0,0,0,1,Cancelled,1,0,1
2025,2,1,1,210.7,210.7,2,0.5,1,0,0,1,0,0,0,0,0,0,0,0,1,0,0,0,1,0,0,0,0,1,Shipped,0,0,0
2023,12,0,2,133.55,267.1,7,0.286,1,0,0,0,0,1,0,0,1,0,0,0,0,1,0,0,0,0,1,0,0,0,Pending,0,0,0
2023,2,0,1,590.87,590.87,6,0.167,1,1,0,0,0,0,0,0,0,0,0,1,0,1,0,0,0,0,0,0,0,1,Returned,0,1,1
2025,3,1,2,363.91,727.82,2,1.0,1,1,0,0,0,0,0,0,0,0,0,1,0,1,0,0,0,0,0,0,0,1,Shipped,0,0,0
2023,7,0,5,429.45,2147.25,5,1.0,1,0,0,0,0,0,1,0,0,0,0,1,0,0,0,0,1,1,0,0,0,0,Cancelled,1,0,1
2024,8,1,3,223.7,671.0999999999999,3,1.0,1,0,0,0,0,0,1,0,1,0,0,0,0,0,0,1,0,1,0,0,0,0,Returned,0,1,1
2025,3,1,2,488.87,977.74,4,0.5,1,0,0,1,0,0,0,0,0,0,0,0,1,1,0,0,0,0,0,1,0,0,Cancelled,1,0,1
2023,8,0,1,645.46,645.46,5,0.2,1,0,1,0,0,0,0,0,0,0,0,1,0,0,0,1,0,0,0,1,0,0,Cancelled,1,0,1
2023,7,0,1,46.66,46.66,6,0.167,0,0,0,0,0,0,1,0,1,0,0,0,0,0,1,0,0,0,0,1,0,0,Cancelled,1,0,1
2024,6,1,1,249.57,249.57,3,0.333,1,0,0,0,1,0,0,0,1,0,0,0,0,1,0,0,0,0,0,1,0,0,Shipped,0,0,0
2024,4,0,3,619.21,1857.63,6,0.5,0,1,0,0,0,0,0,0,0,0,1,0,0,0,1,0,0,1,0,0,0,0,Cancelled,1,0,1
2025,1,0,4,217.13,868.52,8,0.5,1,0,1,0,0,0,0,0,1,0,0,0,0,0,0,0,1,1,0,0,0,0,Delivered,0,0,0
2023,8,1,5,221.51,1107.55,5,1.0,1,0,0,1,0,0,0,0,1,0,0,0,0,0,0,0,1,0,0,0,0,1,Returned,0,1,1
2024,6,0,4,340.3,1361.2,8,0.5,1,0,0,1,0,0,0,0,1,0,0,0,0,0,0,1,0,0,0,0,0,1,Cancelled,1,0,1
2025,1,0,1,625.0,625.0,5,0.2,1,0,0,0,0,1,0,0,0,0,0,0,1,0,0,0,1,0,0,1,0,0,Returned,0,1,1
2025,6,1,5,433.26,2166.3,9,0.556,1,0,0,0,0,0,0,1,0,1,0,0,0,0,0,1,0,0,0,1,0,0,Delivered,0,0,0
2023,6,1,2,674.9,1349.8,4,0.5,1,0,0,0,1,0,0,0,0,0,0,0,1,0,0,1,0,0,1,0,0,0,Shipped,0,0,0
2025,2,0,3,253.98,761.9399999999999,3,1.0,1,0,0,0,1,0,0,0,0,1,0,0,0,1,0,0,0,1,0,0,0,0,Cancelled,1,0,1
2025,1,0,3,356.84,1070.52,5,0.6,1,0,0,0,0,0,1,0,0,0,0,0,1,0,0,1,0,0,0,0,1,0,Shipped,0,0,0
2023,9,0,4,413.71,1654.84,9,0.444,1,0,0,1,0,0,0,0,0,0,0,1,0,1,0,0,0,0,1,0,0,0,Cancelled,1,0,1
2023,3,1,3,147.39,442.17,3,1.0,0,0,1,0,0,0,0,0,0,0,1,0,0,0,1,0,0,1,0,0,0,0,Returned,0,1,1
2024,4,0,4,229.1,916.4,8,0.5,1,0,0,1,0,0,0,0,0,0,0,1,0,0,0,0,1,1,0,0,0,0,Returned,0,1,1
2025,3,0,1,121.96,121.96,3,0.333,0,0,0,0,0,1,0,0,0,0,1,0,0,0,1,0,0,0,0,1,0,0,Delivered,0,0,0
2024,10,0,2,408.32,816.64,3,0.667,1,0,1,0,0,0,0,0,0,0,0,0,1,1,0,0,0,0,1,0,0,0,Shipped,0,0,0
2023,8,0,5,187.97,939.85,9,0.556,1,0,0,0,0,0,0,1,1,0,0,0,0,0,0,1,0,0,0,1,0,0,Returned,0,1,1
2024,12,0,3,358.48,1075.44,7,0.429,1,1,0,0,0,0,0,0,0,0,0,1,0,1,0,0,0,0,1,0,0,0,Delivered,0,0,0
2025,1,0,3,193.58,580.74,7,0.429,1,0,0,0,0,0,1,0,0,0,0,1,0,1,0,0,0,1,0,0,0,0,Pending,0,0,0
2023,6,0,1,265.38,265.38,6,0.167,1,0,0,0,1,0,0,0,0,1,0,0,0,0,0,0,1,1,0,0,0,0,Cancelled,1,0,1
2023,4,0,1,634.4,634.4,6,0.167,1,0,0,1,0,0,0,0,1,0,0,0,0,0,0,1,0,1,0,0,0,0,Cancelled,1,0,1
2024,8,0,4,305.72,1222.88,5,0.8,0,0,1,0,0,0,0,0,0,0,0,0,1,0,1,0,0,0,1,0,0,0,Delivered,0,0,0
2023,8,0,1,303.6,303.6,5,0.2,1,0,0,0,0,0,1,0,1,0,0,0,0,1,0,0,0,0,1,0,0,0,Shipped,0,0,0
2025,4,0,4,496.0,1984.0,8,0.5,1,0,0,0,1,0,0,0,0,0,0,0,1,0,0,0,1,0,0,1,0,0,Cancelled,1,0,1
2024,5,0,4,321.51,1286.04,9,0.444,0,0,1,0,0,0,0,0,1,0,0,0,0,0,1,0,0,0,0,1,0,0,Returned,0,1,1
2023,4,0,3,112.46,337.38,6,0.5,1,0,0,0,0,0,0,1,0,0,0,1,0,0,0,1,0,0,0,0,1,0,Shipped,0,0,0
2025,5,0,5,61.97,309.85,6,0.833,1,0,0,1,0,0,0,0,1,0,0,0,0,0,0,1,0,1,0,0,0,0,Delivered,0,0,0
2023,7,0,2,373.17,746.34,6,0.333,1,0,0,1,0,0,0,0,0,1,0,0,0,0,0,1,0,0,0,0,0,1,Pending,0,0,0
2024,2,0,5,639.37,3196.85,6,0.833,1,0,0,0,0,0,0,1,0,0,1,0,0,0,0,1,0,0,0,1,0,0,Pending,0,0,0
2023,5,0,4,693.36,2773.44,8,0.5,0,1,0,0,0,0,0,0,0,0,0,0,1,0,1,0,0,0,0,0,1,0,Shipped,0,0,0
2024,9,0,4,692.91,2771.64,9,0.444,1,0,0,0,0,1,0,0,0,1,0,0,0,0,0,1,0,0,0,0,1,0,Pending,0,0,0
2023,9,1,4,91.46,365.84,9,0.444,1,0,0,0,0,0,1,0,1,0,0,0,0,0,0,1,0,0,0,0,0,1,Cancelled,1,0,1
2024,3,0,3,273.96,821.8799999999999,8,0.375,1,0,0,0,0,1,0,0,0,0,1,0,0,0,0,1,0,0,0,1,0,0,Returned,0,1,1
2025,6,0,3,588.05,1764.15,8,0.375,0,0,1,0,0,0,0,0,0,0,0,1,0,0,1,0,0,0,0,0,1,0,Delivered,0,0,0
2023,11,0,2,365.17,730.34,4,0.5,1,0,0,0,1,0,0,0,0,0,0,0,1,1,0,0,0,0,1,0,0,0,Cancelled,1,0,1
2023,5,0,4,385.92,1543.68,8,0.5,0,1,0,0,0,0,0,0,0,1,0,0,0,0,1,0,0,0,0,0,1,0,Cancelled,1,0,1
2025,3,0,1,562.61,562.61,3,0.333,1,0,0,0,0,0,0,1,0,1,0,0,0,0,0,0,1,0,1,0,0,0,Delivered,0,0,0
2023,12,1,4,61.91,247.64,6,0.667,1,0,1,0,0,0,0,0,0,0,0,1,0,0,0,0,1,1,0,0,0,0,Delivered,0,0,0
2023,11,1,4,41.9,167.6,9,0.444,1,0,0,0,0,1,0,0,0,0,0,1,0,1,0,0,0,0,0,0,1,0,Pending,0,0,0
2023,5,0,4,444.44,1777.76,8,0.5,1,0,0,0,0,0,1,0,0,0,1,0,0,0,0,0,1,0,0,1,0,0,Cancelled,1,0,1
2024,8,1,3,311.33,933.99,3,1.0,1,0,0,0,0,1,0,0,1,0,0,0,0,0,0,0,1,0,0,0,1,0,Cancelled,1,0,1
2024,11,0,4,236.41,945.64,7,0.571,1,0,0,0,0,0,1,0,0,0,1,0,0,0,0,1,0,0,0,1,0,0,Pending,0,0,0
2023,2,0,1,65.45,65.45,2,0.5,1,0,1,0,0,0,0,0,1,0,0,0,0,0,0,0,1,0,0,1,0,0,Pending,0,0,0
2023,1,1,1,318.81,318.81,3,0.333,1,0,0,0,1,0,0,0,0,0,1,0,0,0,0,0,1,1,0,0,0,0,Pending,0,0,0
2024,3,0,3,583.72,1751.16,5,0.6,1,0,0,0,1,0,0,0,0,1,0,0,0,1,0,0,0,0,1,0,0,0,Shipped,0,0,0
2024,12,0,4,384.32,1537.28,6,0.667,1,0,1,0,0,0,0,0,0,1,0,0,0,0,0,0,1,0,0,1,0,0,Pending,0,0,0
2024,12,0,3,538.74,1616.22,6,0.5,1,0,0,0,0,0,0,1,0,0,0,0,1,1,0,0,0,1,0,0,0,0,Shipped,0,0,0
2023,7,0,1,17.24,17.24,2,0.5,1,0,0,0,0,0,0,1,0,0,0,0,1,1,0,0,0,0,0,0,1,0,Pending,0,0,0
2023,5,0,5,615.67,3078.35,6,0.833,1,1,0,0,0,0,0,0,0,0,0,0,1,0,0,1,0,1,0,0,0,0,Pending,0,0,0
2023,5,0,2,219.1,438.2,4,0.5,1,0,0,0,0,0,1,0,0,0,0,0,1,0,0,1,0,0,0,0,0,1,Pending,0,0,0
2025,5,0,2,144.66,289.32,7,0.286,1,1,0,0,0,0,0,0,0,0,0,0,1,1,0,0,0,0,0,1,0,0,Cancelled,1,0,1
2023,2,0,2,317.77,635.54,4,0.5,1,0,1,0,0,0,0,0,0,0,1,0,0,0,0,0,1,0,1,0,0,0,Cancelled,1,0,1
2025,4,1,1,223.3,223.3,1,1.0,0,0,0,1,0,0,0,0,0,0,0,0,1,0,1,0,0,0,1,0,0,0,Returned,0,1,1
2024,8,0,2,342.11,684.22,2,1.0,1,0,1,0,0,0,0,0,0,0,0,1,0,0,0,0,1,0,0,0,1,0,Shipped,0,0,0
2023,7,0,2,220.9,441.8,4,0.5,0,0,0,0,0,0,1,0,0,0,0,1,0,0,1,0,0,1,0,0,0,0,Shipped,0,0,0
2023,7,1,1,670.54,670.54,6,0.167,1,0,0,1,0,0,0,0,1,0,0,0,0,1,0,0,0,0,0,0,0,1,Shipped,0,0,0
2024,2,0,1,546.19,546.19,5,0.2,1,0,0,0,0,0,1,0,1,0,0,0,0,1,0,0,0,0,0,0,0,1,Pending,0,0,0
2023,4,0,3,42.95,128.85,8,0.375,1,0,1,0,0,0,0,0,0,0,0,1,0,0,0,1,0,1,0,0,0,0,Returned,0,1,1
2025,5,0,4,14.69,58.76,9,0.444,0,0,0,0,1,0,0,0,1,0,0,0,0,0,1,0,0,1,0,0,0,0,Cancelled,1,0,1
2024,9,0,4,668.36,2673.44,5,0.8,1,0,0,0,0,1,0,0,0,0,0,1,0,1,0,0,0,0,1,0,0,0,Cancelled,1,0,1
2024,3,1,4,413.74,1654.96,7,0.571,1,1,0,0,0,0,0,0,0,0,0,1,0,1,0,0,0,0,0,0,1,0,Returned,0,1,1
2023,12,0,3,263.19,789.5699999999999,5,0.6,0,0,0,0,1,0,0,0,0,0,0,0,1,0,1,0,0,0,0,0,1,0,Delivered,0,0,0
2024,5,0,1,263.96,263.96,2,0.5,1,0,0,0,1,0,0,0,0,0,0,1,0,0,0,1,0,0,0,1,0,0,Returned,0,1,1
2025,6,0,5,75.81,379.05,10,0.5,1,1,0,0,0,0,0,0,0,0,0,1,0,0,0,0,1,0,0,0,1,0,Returned,0,1,1
2024,4,0,1,406.22,406.22,5,0.2,1,0,0,0,0,1,0,0,0,1,0,0,0,0,0,1,0,0,0,0,0,1,Cancelled,1,0,1
2024,2,0,2,103.41,206.82,2,1.0,1,0,0,0,0,0,0,1,0,0,0,0,1,1,0,0,0,0,0,0,0,1,Shipped,0,0,0
2023,6,1,4,435.12,1740.48,9,0.444,1,1,0,0,0,0,0,0,0,1,0,0,0,0,0,1,0,0,0,0,1,0,Delivered,0,0,0
2023,5,0,2,407.79,815.58,3,0.667,0,0,0,0,1,0,0,0,0,0,1,0,0,0,1,0,0,0,0,1,0,0,Shipped,0,0,0
2025,5,0,5,173.65,868.25,9,0.556,1,0,0,0,0,1,0,0,0,0,0,1,0,0,0,1,0,1,0,0,0,0,Delivered,0,0,0
2023,1,0,4,249.07,996.28,5,0.8,1,0,0,0,0,1,0,0,0,1,0,0,0,0,0,0,1,0,0,0,0,1,Returned,0,1,1
2023,3,1,4,434.85,1739.4,4,1.0,1,0,0,0,0,1,0,0,0,1,0,0,0,0,0,0,1,0,0,1,0,0,Pending,0,0,0
2024,8,1,1,436.77,436.77,5,0.2,1,0,0,0,0,0,0,1,1,0,0,0,0,1,0,0,0,0,0,1,0,0,Returned,0,1,1
2023,12,0,1,572.13,572.13,4,0.25,1,0,0,0,0,0,1,0,0,0,1,0,0,0,0,1,0,0,0,1,0,0,Cancelled,1,0,1
2024,6,1,4,583.07,2332.28,6,0.667,1,1,0,0,0,0,0,0,0,1,0,0,0,1,0,0,0,0,0,0,0,1,Cancelled,1,0,1
2025,4,0,5,468.51,2342.55,9,0.556,0,1,0,0,0,0,0,0,0,0,1,0,0,0,1,0,0,0,1,0,0,0,Delivered,0,0,0
2023,8,0,2,423.88,847.76,7,0.286,1,0,0,0,0,1,0,0,0,0,1,0,0,0,0,1,0,0,0,0,0,1,Delivered,0,0,0
2023,11,1,4,663.67,2654.68,7,0.571,1,0,0,0,0,0,0,1,0,1,0,0,0,1,0,0,0,0,0,1,0,0,Pending,0,0,0
2023,6,1,4,309.91,1239.64,5,0.8,1,0,0,0,0,0,1,0,0,0,1,0,0,0,0,0,1,0,0,1,0,0,Shipped,0,0,0
2023,3,0,1,542.07,542.07,6,0.167,1,0,0,0,1,0,0,0,1,0,0,0,0,0,0,0,1,0,0,0,0,1,Shipped,0,0,0
2023,9,0,2,399.32,798.64,6,0.333,1,1,0,0,0,0,0,0,0,0,0,0,1,0,0,0,1,0,0,0,1,0,Pending,0,0,0
2024,10,1,2,238.25,476.5,7,0.286,1,0,0,0,0,0,0,1,0,0,0,0,1,1,0,0,0,1,0,0,0,0,Cancelled,1,0,1
2023,2,1,2,182.4,364.8,5,0.4,1,0,0,0,0,1,0,0,0,0,0,1,0,0,0,1,0,0,0,0,0,1,Cancelled,1,0,1
2023,11,1,2,65.07,130.14,4,0.5,1,1,0,0,0,0,0,0,0,1,0,0,0,0,0,1,0,0,0,1,0,0,Cancelled,1,0,1
2025,3,1,2,600.57,1201.14,3,0.667,1,0,0,0,0,0,1,0,0,0,1,0,0,0,0,0,1,0,0,0,1,0,Returned,0,1,1
2024,9,0,5,90.92,454.6,9,0.556,1,1,0,0,0,0,0,0,0,1,0,0,0,0,0,1,0,0,1,0,0,0,Delivered,0,0,0
2024,11,0,5,362.46,1812.3,6,0.833,1,0,0,1,0,0,0,0,1,0,0,0,0,1,0,0,0,0,0,0,1,0,Delivered,0,0,0
2023,10,0,3,55.01,165.03,7,0.429,1,1,0,0,0,0,0,0,0,0,0,0,1,0,0,0,1,1,0,0,0,0,Pending,0,0,0
2023,3,0,3,404.62,1213.86,6,0.5,1,0,0,0,0,0,0,1,0,0,0,1,0,1,0,0,0,0,0,0,1,0,Delivered,0,0,0
2023,7,0,4,654.79,2619.16,9,0.444,0,0,1,0,0,0,0,0,1,0,0,0,0,0,1,0,0,0,0,0,0,1,Pending,0,0,0
2025,4,0,4,637.79,2551.16,9,0.444,1,0,0,0,0,0,1,0,0,0,0,1,0,1,0,0,0,0,0,1,0,0,Cancelled,1,0,1
2025,2,0,4,540.33,2161.32,6,0.667,0,0,0,1,0,0,0,0,1,0,0,0,0,0,1,0,0,0,0,1,0,0,Shipped,0,0,0
2023,2,0,5,208.17,1040.85,6,0.833,1,0,0,1,0,0,0,0,0,1,0,0,0,0,0,1,0,0,1,0,0,0,Returned,0,1,1
2025,6,0,1,338.31,338.31,3,0.333,0,0,0,0,0,1,0,0,0,0,0,0,1,0,1,0,0,0,0,1,0,0,Delivered,0,0,0
2025,4,0,3,139.45,418.35,8,0.375,1,0,0,0,1,0,0,0,0,0,0,1,0,0,0,0,1,0,0,1,0,0,Returned,0,1,1
2023,11,0,4,655.18,2620.72,5,0.8,0,1,0,0,0,0,0,0,0,0,0,0,1,0,1,0,0,0,1,0,0,0,Shipped,0,0,0
2023,3,1,4,512.75,2051.0,8,0.5,1,0,0,1,0,0,0,0,0,0,1,0,0,0,0,0,1,0,0,1,0,0,Returned,0,1,1
2023,7,0,4,160.49,641.96,8,0.5,1,1,0,0,0,0,0,0,0,1,0,0,0,0,0,0,1,0,0,0,0,1,Shipped,0,0,0
2023,5,0,3,99.9,299.7,8,0.375,1,1,0,0,0,0,0,0,1,0,0,0,0,1,0,0,0,0,1,0,0,0,Delivered,0,0,0
2024,5,1,2,345.01,690.02,6,0.333,1,0,0,0,0,1,0,0,0,1,0,0,0,1,0,0,0,0,0,1,0,0,Delivered,0,0,0
2025,1,0,1,65.95,65.95,5,0.2,0,0,0,0,1,0,0,0,0,1,0,0,0,0,1,0,0,0,1,0,0,0,Delivered,0,0,0
2023,2,0,4,463.04,1852.16,9,0.444,0,0,0,0,0,0,0,1,0,0,0,1,0,0,1,0,0,0,0,0,1,0,Returned,0,1,1
2025,4,0,2,297.71,595.42,7,0.286,1,0,0,0,0,1,0,0,0,0,0,0,1,0,0,1,0,0,0,0,0,1,Shipped,0,0,0
2023,1,0,5,107.48,537.4,9,0.556,1,0,0,0,0,0,1,0,0,0,1,0,0,1,0,0,0,1,0,0,0,0,Cancelled,1,0,1
2024,6,0,5,638.8,3194.0,10,0.5,1,0,1,0,0,0,0,0,0,0,1,0,0,0,0,0,1,0,0,0,0,1,Cancelled,1,0,1
2023,2,0,2,493.88,987.76,7,0.286,1,0,1,0,0,0,0,0,0,1,0,0,0,0,0,1,0,0,0,0,1,0,Returned,0,1,1
2023,12,0,4,301.17,1204.68,6,0.667,0,0,0,0,0,0,1,0,0,0,0,0,1,0,1,0,0,1,0,0,0,0,Cancelled,1,0,1
2024,1,1,1,278.66,278.66,2,0.5,1,0,0,0,1,0,0,0,0,0,0,1,0,1,0,0,0,0,0,0,1,0,Cancelled,1,0,1
2024,9,0,1,287.46,287.46,3,0.333,1,0,0,0,0,1,0,0,0,0,1,0,0,1,0,0,0,0,1,0,0,0,Returned,0,1,1
2023,5,0,1,583.99,583.99,2,0.5,1,1,0,0,0,0,0,0,1,0,0,0,0,0,0,1,0,1,0,0,0,0,Cancelled,1,0,1
2023,5,0,3,468.74,1406.22,4,0.75,1,1,0,0,0,0,0,0,1,0,0,0,0,1,0,0,0,0,0,0,1,0,Pending,0,0,0
2024,12,1,1,30.54,30.54,1,1.0,0,0,0,0,0,0,0,1,0,0,1,0,0,0,1,0,0,0,0,1,0,0,Returned,0,1,1
2024,10,0,5,408.73,2043.65,10,0.5,1,0,0,0,1,0,0,0,0,0,0,1,0,1,0,0,0,0,0,0,1,0,Delivered,0,0,0
2023,11,1,4,126.89,507.56,9,0.444,1,0,0,1,0,0,0,0,1,0,0,0,0,1,0,0,0,0,0,0,1,0,Pending,0,0,0
2024,6,0,2,57.07,114.14,3,0.667,1,0,0,0,0,0,1,0,0,0,1,0,0,0,0,1,0,0,0,0,1,0,Returned,0,1,1
2023,7,1,3,557.41,1672.23,4,0.75,0,0,0,1,0,0,0,0,0,0,0,0,1,0,1,0,0,1,0,0,0,0,Delivered,0,0,0
2023,12,0,3,448.9,1346.7,7,0.429,1,0,0,0,0,0,1,0,0,0,1,0,0,0,0,1,0,0,0,0,1,0,Returned,0,1,1
2023,10,0,4,549.76,2199.04,4,1.0,1,1,0,0,0,0,0,0,0,0,1,0,0,1,0,0,0,0,1,0,0,0,Delivered,0,0,0
2024,2,1,3,132.48,397.4399999999999,4,0.75,0,0,0,0,0,0,1,0,0,0,0,0,1,0,1,0,0,0,0,0,0,1,Shipped,0,0,0
2025,5,1,5,489.37,2446.85,8,0.625,0,0,1,0,0,0,0,0,0,0,0,0,1,0,1,0,0,0,0,0,1,0,Returned,0,1,1
2025,5,1,5,66.31,331.55,7,0.714,1,0,0,0,0,0,1,0,0,0,0,1,0,1,0,0,0,0,0,0,0,1,Pending,0,0,0
2023,7,1,2,434.3,868.6,7,0.286,1,1,0,0,0,0,0,0,1,0,0,0,0,0,0,1,0,0,0,0,1,0,Delivered,0,0,0
2023,10,0,4,153.09,612.36,4,1.0,1,0,1,0,0,0,0,0,0,0,0,0,1,1,0,0,0,0,0,0,0,1,Delivered,0,0,0
2025,5,0,5,91.67,458.35,9,0.556,1,0,0,0,0,0,0,1,0,0,0,0,1,1,0,0,0,1,0,0,0,0,Cancelled,1,0,1
2023,10,0,4,275.28,1101.12,9,0.444,1,0,1,0,0,0,0,0,0,0,0,1,0,0,0,0,1,0,1,0,0,0,Shipped,0,0,0
2023,4,0,2,139.95,279.9,5,0.4,0,0,0,0,1,0,0,0,0,0,0,0,1,0,1,0,0,0,0,0,1,0,Returned,0,1,1
2024,7,1,3,148.72,446.16,7,0.429,1,1,0,0,0,0,0,0,0,0,1,0,0,0,0,1,0,0,0,1,0,0,Cancelled,1,0,1
2023,12,1,2,563.06,1126.12,6,0.333,0,0,0,1,0,0,0,0,1,0,0,0,0,0,1,0,0,0,0,0,1,0,Returned,0,1,1
2024,12,0,1,625.51,625.51,1,1.0,1,0,0,0,0,0,1,0,0,1,0,0,0,1,0,0,0,0,1,0,0,0,Shipped,0,0,0
2023,8,0,4,152.29,609.16,6,0.667,1,0,0,0,0,1,0,0,0,0,1,0,0,0,0,0,1,0,0,1,0,0,Cancelled,1,0,1
2024,6,0,5,231.82,1159.1,6,0.833,1,0,0,0,0,1,0,0,0,0,1,0,0,0,0,1,0,0,1,0,0,0,Delivered,0,0,0
2025,1,1,1,150.17,150.17,1,1.0,1,0,0,1,0,0,0,0,0,0,1,0,0,0,0,1,0,0,0,0,0,1,Returned,0,1,1
2024,6,0,3,70.93,212.79,5,0.6,0,0,0,0,0,0,0,1,0,0,1,0,0,0,1,0,0,0,0,0,0,1,Returned,0,1,1
2023,6,0,3,361.39,1084.17,8,0.375,0,0,1,0,0,0,0,0,0,1,0,0,0,0,1,0,0,0,0,0,0,1,Shipped,0,0,0
2024,7,0,5,670.48,3352.4,5,1.0,1,0,0,1,0,0,0,0,0,0,0,1,0,0,0,1,0,0,1,0,0,0,Returned,0,1,1
2023,7,0,1,359.99,359.99,5,0.2,1,0,0,0,0,1,0,0,0,0,0,1,0,0,0,1,0,1,0,0,0,0,Cancelled,1,0,1
2023,2,0,5,674.04,3370.2,7,0.714,1,0,0,0,0,0,0,1,0,0,0,0,1,0,0,1,0,0,0,1,0,0,Cancelled,1,0,1
2024,12,0,4,283.16,1132.64,6,0.667,0,1,0,0,0,0,0,0,0,1,0,0,0,0,1,0,0,0,0,1,0,0,Shipped,0,0,0
2024,6,1,5,260.53,1302.65,5,1.0,1,0,1,0,0,0,0,0,0,0,0,1,0,0,0,1,0,0,0,0,1,0,Pending,0,0,0
2023,4,1,3,422.13,1266.39,7,0.429,1,0,0,0,0,0,1,0,0,0,0,0,1,0,0,1,0,0,1,0,0,0,Delivered,0,0,0
2024,7,0,5,125.02,625.1,9,0.556,1,0,1,0,0,0,0,0,0,0,1,0,0,0,0,1,0,0,0,1,0,0,Pending,0,0,0
2024,4,0,1,198.51,198.51,5,0.2,1,0,0,0,0,1,0,0,0,1,0,0,0,0,0,0,1,0,0,0,1,0,Returned,0,1,1
2024,3,0,4,224.75,899.0,7,0.571,1,1,0,0,0,0,0,0,0,0,0,0,1,0,0,0,1,0,1,0,0,0,Delivered,0,0,0
2025,3,0,3,205.86,617.58,4,0.75,0,0,0,0,0,0,0,1,0,0,0,1,0,0,1,0,0,1,0,0,0,0,Shipped,0,0,0
2023,12,0,1,18.2,18.2,4,0.25,1,0,0,1,0,0,0,0,0,0,1,0,0,0,0,1,0,0,0,0,1,0,Pending,0,0,0
2023,5,0,3,502.77,1508.31,8,0.375,1,0,0,0,0,0,0,1,0,0,1,0,0,0,0,0,1,1,0,0,0,0,Returned,0,1,1
2023,11,0,5,305.49,1527.45,10,0.5,0,0,0,0,0,1,0,0,0,0,1,0,0,0,1,0,0,0,0,0,0,1,Shipped,0,0,0
2024,4,0,2,236.33,472.66,3,0.667,1,0,0,0,0,0,1,0,0,0,0,0,1,0,0,1,0,0,0,0,1,0,Pending,0,0,0
2023,4,1,5,521.25,2606.25,8,0.625,0,0,0,1,0,0,0,0,1,0,0,0,0,0,1,0,0,1,0,0,0,0,Cancelled,1,0,1
2024,9,0,1,167.15,167.15,5,0.2,1,0,0,0,0,0,0,1,0,0,0,1,0,0,0,0,1,1,0,0,0,0,Shipped,0,0,0
2025,6,0,5,466.42,2332.1,5,1.0,0,0,0,0,1,0,0,0,0,0,0,1,0,0,1,0,0,0,0,0,0,1,Returned,0,1,1
2023,2,1,1,527.57,527.57,3,0.333,1,0,0,0,0,0,1,0,0,0,1,0,0,1,0,0,0,0,1,0,0,0,Pending,0,0,0
2025,3,0,3,623.34,1870.02,3,1.0,1,0,0,0,0,0,0,1,0,0,0,0,1,0,0,1,0,0,0,0,1,0,Cancelled,1,0,1
2023,12,0,5,501.26,2506.3,10,0.5,1,0,0,0,0,0,0,1,0,0,0,1,0,1,0,0,0,0,0,0,0,1,Shipped,0,0,0
2024,12,0,1,655.09,655.09,6,0.167,0,0,0,0,0,0,0,1,1,0,0,0,0,0,1,0,0,0,0,0,0,1,Pending,0,0,0
2024,2,1,4,264.79,1059.16,5,0.8,1,0,0,0,0,0,1,0,0,1,0,0,0,0,0,1,0,0,0,1,0,0,Pending,0,0,0
2024,3,0,3,359.73,1079.19,7,0.429,1,0,0,1,0,0,0,0,0,0,1,0,0,1,0,0,0,1,0,0,0,0,Returned,0,1,1
2023,11,0,1,465.33,465.33,2,0.5,1,1,0,0,0,0,0,0,0,0,0,1,0,1,0,0,0,0,0,1,0,0,Delivered,0,0,0
2023,6,1,2,54.41,108.82,6,0.333,0,1,0,0,0,0,0,0,0,0,0,0,1,0,1,0,0,0,0,0,1,0,Shipped,0,0,0
2025,2,1,1,64.66,64.66,4,0.25,0,0,0,1,0,0,0,0,0,0,1,0,0,0,1,0,0,0,0,0,1,0,Delivered,0,0,0
2023,8,0,5,173.96,869.8000000000001,8,0.625,1,1,0,0,0,0,0,0,0,0,1,0,0,0,0,0,1,0,0,0,1,0,Pending,0,0,0
2025,3,0,1,630.82,630.82,5,0.2,1,0,0,0,0,0,0,1,0,0,0,0,1,1,0,0,0,0,0,1,0,0,Delivered,0,0,0
2023,7,0,1,693.41,693.41,4,0.25,0,0,0,0,0,1,0,0,0,0,1,0,0,0,1,0,0,0,0,0,1,0,Shipped,0,0,0
2025,6,0,3,433.33,1299.99,4,0.75,1,0,0,0,0,0,0,1,0,1,0,0,0,1,0,0,0,0,0,0,0,1,Cancelled,1,0,1
2023,5,1,5,374.58,1872.9,10,0.5,1,0,0,0,0,0,1,0,0,0,0,1,0,1,0,0,0,0,0,0,1,0,Cancelled,1,0,1
2023,7,1,5,408.56,2042.8,8,0.625,1,0,0,1,0,0,0,0,0,0,1,0,0,1,0,0,0,0,0,0,1,0,Delivered,0,0,0
2024,4,1,2,183.67,367.34,3,0.667,1,0,0,0,0,0,0,1,0,0,0,0,1,0,0,1,0,0,0,1,0,0,Cancelled,1,0,1
2023,6,0,4,606.57,2426.28,5,0.8,1,0,1,0,0,0,0,0,0,0,1,0,0,0,0,0,1,0,0,0,0,1,Delivered,0,0,0
2024,6,0,4,589.57,2358.28,8,0.5,0,0,0,0,0,1,0,0,1,0,0,0,0,0,1,0,0,0,0,0,1,0,Pending,0,0,0
2024,6,1,5,659.85,3299.25,9,0.556,1,0,0,0,0,0,1,0,0,1,0,0,0,0,0,1,0,0,1,0,0,0,Delivered,0,0,0
2023,6,0,4,206.84,827.36,5,0.8,1,0,0,0,1,0,0,0,1,0,0,0,0,0,0,0,1,0,0,0,1,0,Cancelled,1,0,1
2024,5,0,5,113.87,569.35,6,0.833,1,0,0,1,0,0,0,0,0,1,0,0,0,0,0,1,0,1,0,0,0,0,Pending,0,0,0
2023,11,0,5,628.74,3143.7,9,0.556,1,0,0,0,0,1,0,0,1,0,0,0,0,1,0,0,0,0,1,0,0,0,Cancelled,1,0,1
2025,2,0,1,678.38,678.38,4,0.25,1,0,0,0,0,1,0,0,0,1,0,0,0,0,0,1,0,0,0,0,0,1,Cancelled,1,0,1
2023,2,0,3,602.24,1806.72,8,0.375,0,0,0,0,0,0,1,0,0,0,1,0,0,0,1,0,0,0,0,0,0,1,Pending,0,0,0
2024,4,0,5,658.77,3293.85,10,0.5,1,0,0,1,0,0,0,0,0,0,0,1,0,1,0,0,0,0,0,0,1,0,Pending,0,0,0
2023,5,0,3,271.02,813.06,6,0.5,0,0,0,0,1,0,0,0,0,1,0,0,0,0,1,0,0,0,0,1,0,0,Cancelled,1,0,1
2024,12,1,5,375.25,1876.25,9,0.556,1,0,0,0,1,0,0,0,0,0,0,1,0,0,0,1,0,1,0,0,0,0,Pending,0,0,0
2025,5,1,1,312.11,312.11,4,0.25,1,0,0,0,0,1,0,0,0,0,0,0,1,0,0,0,1,0,1,0,0,0,Cancelled,1,0,1
2023,1,0,5,307.76,1538.8,9,0.556,1,0,0,0,0,1,0,0,0,0,0,1,0,1,0,0,0,0,0,1,0,0,Pending,0,0,0
2025,2,0,3,483.53,1450.59,4,0.75,0,1,0,0,0,0,0,0,1,0,0,0,0,0,1,0,0,0,0,0,0,1,Returned,0,1,1
2023,1,0,3,341.15,1023.45,4,0.75,1,0,0,1,0,0,0,0,1,0,0,0,0,1,0,0,0,0,0,0,1,0,Pending,0,0,0
2024,9,0,1,571.9,571.9,1,1.0,1,0,0,0,1,0,0,0,0,0,0,1,0,0,0,0,1,0,0,0,1,0,Pending,0,0,0
2025,1,0,4,95.03,380.12,8,0.5,1,0,0,0,1,0,0,0,0,0,0,0,1,1,0,0,0,0,1,0,0,0,Shipped,0,0,0
2023,8,0,5,201.22,1006.1,6,0.833,1,0,0,0,1,0,0,0,0,0,1,0,0,1,0,0,0,0,1,0,0,0,Pending,0,0,0
2024,7,0,1,260.26,260.26,5,0.2,1,0,0,0,1,0,0,0,0,0,0,0,1,0,0,0,1,0,0,0,1,0,Pending,0,0,0
2024,2,0,5,64.5,322.5,8,0.625,1,1,0,0,0,0,0,0,0,1,0,0,0,0,0,0,1,0,0,0,1,0,Pending,0,0,0
2024,9,1,3,297.67,893.01,6,0.5,0,0,0,0,0,1,0,0,0,0,0,0,1,0,1,0,0,0,0,1,0,0,Shipped,0,0,0
2024,4,1,4,331.9,1327.6,5,0.8,1,0,0,0,0,0,1,0,1,0,0,0,0,0,0,1,0,0,0,0,1,0,Pending,0,0,0
2023,6,0,1,191.76,191.76,1,1.0,1,1,0,0,0,0,0,0,0,1,0,0,0,1,0,0,0,0,0,0,1,0,Returned,0,1,1
2025,1,0,4,263.09,1052.36,8,0.5,1,0,0,0,0,0,1,0,0,0,1,0,0,0,0,1,0,0,0,1,0,0,Shipped,0,0,0
2023,1,0,4,393.8,1575.2,7,0.571,1,1,0,0,0,0,0,0,0,1,0,0,0,0,0,1,0,1,0,0,0,0,Pending,0,0,0
2024,11,1,3,553.57,1660.71,4,0.75,1,1,0,0,0,0,0,0,0,1,0,0,0,1,0,0,0,0,1,0,0,0,Returned,0,1,1
2023,10,0,5,191.63,958.15,6,0.833,1,1,0,0,0,0,0,0,0,0,0,1,0,1,0,0,0,0,1,0,0,0,Delivered,0,0,0
2023,4,0,1,93.02,93.02,4,0.25,0,0,0,0,0,0,0,1,0,0,0,0,1,0,1,0,0,1,0,0,0,0,Returned,0,1,1
2024,6,0,2,39.53,79.06,3,0.667,1,0,0,0,0,0,1,0,0,1,0,0,0,0,0,0,1,0,0,1,0,0,Shipped,0,0,0
2023,12,0,3,633.97,1901.91,7,0.429,1,0,0,0,0,0,1,0,1,0,0,0,0,0,0,0,1,0,1,0,0,0,Pending,0,0,0
2023,12,1,4,697.5,2790.0,7,0.571,1,0,1,0,0,0,0,0,1,0,0,0,0,1,0,0,0,0,0,0,0,1,Shipped,0,0,0
2023,7,0,5,508.69,2543.45,10,0.5,1,0,0,0,0,0,1,0,1,0,0,0,0,1,0,0,0,0,0,1,0,0,Delivered,0,0,0
2025,1,0,2,527.46,1054.92,3,0.667,1,0,0,1,0,0,0,0,0,0,1,0,0,1,0,0,0,0,0,0,0,1,Cancelled,1,0,1
2024,2,0,1,627.2,627.2,1,1.0,1,0,0,0,0,1,0,0,0,0,0,0,1,0,0,0,1,1,0,0,0,0,Delivered,0,0,0
2024,7,1,1,75.01,75.01,3,0.333,0,0,0,0,0,0,1,0,0,1,0,0,0,0,1,0,0,0,0,1,0,0,Returned,0,1,1
2023,7,0,5,529.55,2647.75,10,0.5,0,0,1,0,0,0,0,0,0,0,0,1,0,0,1,0,0,0,1,0,0,0,Shipped,0,0,0
2025,4,0,3,127.41,382.23,7,0.429,1,0,0,0,0,1,0,0,0,0,0,1,0,0,0,1,0,0,0,0,0,1,Delivered,0,0,0
2023,12,0,5,287.13,1435.65,10,0.5,1,0,0,0,0,0,0,1,0,0,0,0,1,0,0,1,0,1,0,0,0,0,Shipped,0,0,0
2023,9,0,1,427.06,427.06,1,1.0,1,0,0,0,1,0,0,0,0,0,0,0,1,0,0,0,1,0,0,0,0,1,Cancelled,1,0,1
2024,9,0,5,53.93,269.65,7,0.714,1,0,0,0,0,1,0,0,0,0,0,1,0,0,0,1,0,0,0,0,1,0,Shipped,0,0,0
2024,1,1,5,423.93,2119.65,5,1.0,1,0,0,0,0,0,0,1,0,0,1,0,0,1,0,0,0,0,1,0,0,0,Returned,0,1,1
2024,9,1,4,160.22,640.88,9,0.444,1,0,1,0,0,0,0,0,0,0,1,0,0,0,0,0,1,0,0,0,1,0,Returned,0,1,1
2025,4,0,1,538.68,538.68,6,0.167,0,0,0,0,0,0,1,0,0,0,1,0,0,0,1,0,0,0,0,0,0,1,Returned,0,1,1
2023,4,1,5,337.38,1686.9,5,1.0,0,0,0,0,0,0,1,0,0,0,0,1,0,0,1,0,0,0,0,0,0,1,Shipped,0,0,0
2024,11,1,1,620.21,620.21,1,1.0,1,0,0,0,0,0,0,1,0,0,0,0,1,1,0,0,0,0,0,0,0,1,Returned,0,1,1
2023,3,0,2,99.1,198.2,6,0.333,0,0,0,0,1,0,0,0,1,0,0,0,0,0,1,0,0,0,0,0,1,0,Delivered,0,0,0
2025,1,1,4,451.97,1807.88,7,0.571,1,0,0,0,1,0,0,0,0,0,0,0,1,0,0,0,1,1,0,0,0,0,Cancelled,1,0,1
2023,12,1,4,66.1,264.4,9,0.444,1,0,0,0,0,0,0,1,1,0,0,0,0,0,0,0,1,0,0,1,0,0,Returned,0,1,1
2023,8,1,4,547.32,2189.28,8,0.5,1,0,0,0,0,0,0,1,1,0,0,0,0,1,0,0,0,0,0,0,1,0,Returned,0,1,1
2025,1,0,3,412.53,1237.59,6,0.5,1,0,0,0,0,0,1,0,0,0,0,0,1,0,0,0,1,0,0,1,0,0,Pending,0,0,0
2023,6,0,5,84.13,420.65,9,0.556,1,0,1,0,0,0,0,0,0,0,0,0,1,0,0,1,0,0,0,1,0,0,Delivered,0,0,0
2024,1,0,2,518.23,1036.46,5,0.4,0,0,0,0,0,0,0,1,0,0,1,0,0,0,1,0,0,1,0,0,0,0,Shipped,0,0,0
2024,6,0,2,39.51,79.02,5,0.4,0,0,1,0,0,0,0,0,0,0,0,0,1,0,1,0,0,0,1,0,0,0,Shipped,0,0,0
2025,4,0,5,133.01,665.05,10,0.5,0,0,0,0,0,0,0,1,0,1,0,0,0,0,1,0,0,0,1,0,0,0,Returned,0,1,1
2023,10,1,1,118.8,118.8,6,0.167,1,0,0,0,0,0,0,1,0,0,0,0,1,0,0,1,0,1,0,0,0,0,Delivered,0,0,0
2025,5,1,2,139.57,279.14,4,0.5,1,0,1,0,0,0,0,0,1,0,0,0,0,0,0,0,1,0,1,0,0,0,Delivered,0,0,0
2025,4,1,1,184.15,184.15,5,0.2,1,1,0,0,0,0,0,0,0,0,0,1,0,1,0,0,0,0,1,0,0,0,Shipped,0,0,0
2023,7,0,2,644.05,1288.1,5,0.4,1,0,0,1,0,0,0,0,0,0,0,1,0,0,0,0,1,0,0,0,0,1,Cancelled,1,0,1
2023,10,0,5,55.41,277.05,5,1.0,0,0,0,1,0,0,0,0,0,0,0,0,1,0,1,0,0,0,0,1,0,0,Cancelled,1,0,1
2023,1,0,1,310.93,310.93,3,0.333,0,0,0,0,0,0,1,0,0,0,0,0,1,0,1,0,0,0,1,0,0,0,Cancelled,1,0,1
2024,4,0,2,216.66,433.32,6,0.333,1,0,0,0,0,0,0,1,0,0,1,0,0,1,0,0,0,0,0,0,1,0,Pending,0,0,0
2024,11,0,1,452.7,452.7,5,0.2,1,0,0,0,0,1,0,0,0,0,1,0,0,1,0,0,0,0,0,0,1,0,Shipped,0,0,0
2023,10,1,2,288.21,576.42,5,0.4,0,1,0,0,0,0,0,0,0,0,1,0,0,0,1,0,0,1,0,0,0,0,Cancelled,1,0,1
2023,6,0,4,206.6,826.4,6,0.667,1,0,0,0,0,1,0,0,0,0,0,1,0,0,0,0,1,0,0,0,0,1,Returned,0,1,1
2024,7,1,4,685.2,2740.8,6,0.667,1,0,0,0,0,0,1,0,0,0,0,1,0,0,0,0,1,0,0,1,0,0,Cancelled,1,0,1
2023,4,0,5,22.94,114.7,10,0.5,0,1,0,0,0,0,0,0,1,0,0,0,0,0,1,0,0,1,0,0,0,0,Pending,0,0,0
2023,3,0,2,301.88,603.76,5,0.4,1,0,0,1,0,0,0,0,0,0,0,1,0,0,0,0,1,1,0,0,0,0,Returned,0,1,1
2025,3,1,5,57.45,287.25,10,0.5,0,0,0,0,1,0,0,0,1,0,0,0,0,0,1,0,0,0,1,0,0,0,Cancelled,1,0,1
2024,12,0,1,161.24,161.24,3,0.333,1,0,1,0,0,0,0,0,0,1,0,0,0,0,0,0,1,0,0,0,1,0,Pending,0,0,0
2024,11,0,4,262.58,1050.32,8,0.5,1,1,0,0,0,0,0,0,0,0,0,0,1,0,0,0,1,1,0,0,0,0,Cancelled,1,0,1
2024,12,0,4,515.19,2060.76,9,0.444,1,0,0,0,0,0,1,0,0,1,0,0,0,0,0,1,0,0,1,0,0,0,Pending,0,0,0
2023,6,0,1,450.07,450.07,6,0.167,1,0,0,0,0,1,0,0,0,0,0,1,0,1,0,0,0,0,0,1,0,0,Shipped,0,0,0
2024,10,1,1,52.54,52.54,6,0.167,1,0,0,0,0,0,1,0,0,0,1,0,0,0,0,0,1,0,1,0,0,0,Cancelled,1,0,1
2023,9,0,2,424.32,848.64,6,0.333,0,0,0,0,0,0,0,1,0,1,0,0,0,0,1,0,0,0,0,0,0,1,Returned,0,1,1
2023,8,1,3,631.64,1894.92,3,1.0,1,0,0,0,1,0,0,0,0,1,0,0,0,1,0,0,0,0,1,0,0,0,Returned,0,1,1
2023,10,1,5,327.68,1638.4,6,0.833,0,0,0,0,0,0,1,0,0,1,0,0,0,0,1,0,0,0,1,0,0,0,Returned,0,1,1
2023,5,1,1,414.47,414.47,3,0.333,1,0,0,0,0,0,1,0,0,0,1,0,0,1,0,0,0,0,0,0,1,0,Returned,0,1,1
2023,2,1,4,221.33,885.32,5,0.8,0,0,0,1,0,0,0,0,0,0,0,0,1,0,1,0,0,0,0,1,0,0,Pending,0,0,0
2024,4,0,1,512.39,512.39,2,0.5,1,0,0,0,0,1,0,0,0,0,0,0,1,1,0,0,0,0,0,0,1,0,Delivered,0,0,0
2025,1,0,3,459.34,1378.02,3,1.0,1,0,0,0,0,0,0,1,0,0,0,1,0,0,0,1,0,0,0,0,1,0,Pending,0,0,0
2024,9,1,1,146.32,146.32,4,0.25,1,0,0,0,0,0,0,1,0,0,0,0,1,0,0,0,1,0,1,0,0,0,Shipped,0,0,0
2024,11,0,4,83.6,334.4,4,1.0,1,0,1,0,0,0,0,0,0,0,1,0,0,0,0,1,0,0,1,0,0,0,Pending,0,0,0
2023,12,0,2,328.54,657.08,6,0.333,1,0,0,0,0,0,1,0,0,0,0,1,0,1,0,0,0,1,0,0,0,0,Returned,0,1,1
2024,5,0,5,314.94,1574.7,8,0.625,1,1,0,0,0,0,0,0,1,0,0,0,0,0,0,1,0,0,0,0,1,0,Pending,0,0,0
2024,5,0,2,69.64,139.28,6,0.333,0,1,0,0,0,0,0,0,1,0,0,0,0,0,1,0,0,0,1,0,0,0,Returned,0,1,1
2024,6,1,1,135.17,135.17,6,0.167,1,0,0,0,0,0,1,0,0,0,0,0,1,1,0,0,0,0,0,0,1,0,Shipped,0,0,0
2024,3,1,1,487.21,487.21,3,0.333,1,0,0,0,0,1,0,0,1,0,0,0,0,0,0,1,0,0,0,0,0,1,Delivered,0,0,0
2023,10,0,5,509.58,2547.9,6,0.833,1,0,0,1,0,0,0,0,0,0,0,0,1,1,0,0,0,0,0,0,1,0,Delivered,0,0,0
2024,4,1,2,416.81,833.62,2,1.0,0,0,0,0,0,0,1,0,1,0,0,0,0,0,1,0,0,0,1,0,0,0,Returned,0,1,1
2023,9,0,2,160.0,320.0,4,0.5,1,0,0,1,0,0,0,0,1,0,0,0,0,0,0,1,0,0,0,0,1,0,Pending,0,0,0
2024,8,0,3,253.05,759.1500000000001,3,1.0,0,0,0,0,0,0,0,1,0,0,0,0,1,0,1,0,0,0,0,0,1,0,Pending,0,0,0
2024,1,0,5,615.1,3075.5,10,0.5,1,0,0,0,1,0,0,0,0,0,0,1,0,0,0,0,1,0,0,0,1,0,Returned,0,1,1
2023,4,1,1,183.18,183.18,6,0.167,1,0,0,0,1,0,0,0,0,0,1,0,0,0,0,1,0,1,0,0,0,0,Cancelled,1,0,1
2023,7,1,1,75.78,75.78,5,0.2,1,0,0,0,0,0,1,0,1,0,0,0,0,0,0,1,0,0,0,1,0,0,Pending,0,0,0
2025,5,0,1,675.57,675.57,1,1.0,1,0,0,0,0,0,0,1,1,0,0,0,0,0,0,0,1,0,1,0,0,0,Shipped,0,0,0
2024,11,0,1,109.29,109.29,5,0.2,1,0,0,1,0,0,0,0,0,0,1,0,0,1,0,0,0,0,0,1,0,0,Cancelled,1,0,1
2024,3,0,1,639.83,639.83,2,0.5,1,0,0,0,0,1,0,0,0,0,1,0,0,0,0,1,0,0,0,0,0,1,Pending,0,0,0
2023,6,0,5,62.81,314.05,9,0.556,1,0,1,0,0,0,0,0,0,1,0,0,0,0,0,1,0,0,1,0,0,0,Shipped,0,0,0
2025,5,1,4,615.83,2463.32,4,1.0,1,0,1,0,0,0,0,0,0,0,0,0,1,0,0,0,1,0,0,0,1,0,Returned,0,1,1
2024,7,0,4,510.58,2042.32,7,0.571,1,0,0,0,1,0,0,0,0,1,0,0,0,0,0,0,1,1,0,0,0,0,Returned,0,1,1
2024,7,0,1,334.39,334.39,2,0.5,0,0,1,0,0,0,0,0,0,1,0,0,0,0,1,0,0,0,0,0,1,0,Returned,0,1,1
2024,10,1,1,144.25,144.25,2,0.5,1,0,0,1,0,0,0,0,1,0,0,0,0,0,0,0,1,0,0,0,0,1,Returned,0,1,1
2024,6,1,1,401.82,401.82,5,0.2,1,0,0,0,0,0,0,1,0,1,0,0,0,1,0,0,0,0,0,1,0,0,Shipped,0,0,0
2025,3,0,1,252.68,252.68,1,1.0,0,0,0,0,0,1,0,0,0,0,0,0,1,0,1,0,0,0,0,0,0,1,Cancelled,1,0,1
2023,5,0,5,662.78,3313.9,9,0.556,1,0,0,1,0,0,0,0,0,0,1,0,0,0,0,1,0,0,0,0,1,0,Shipped,0,0,0
2023,3,0,4,434.42,1737.68,6,0.667,1,0,0,0,0,0,0,1,0,0,0,0,1,1,0,0,0,0,0,1,0,0,Cancelled,1,0,1
2024,2,0,5,513.49,2567.45,8,0.625,0,0,0,0,0,0,1,0,0,0,0,1,0,0,1,0,0,0,0,1,0,0,Cancelled,1,0,1
2023,7,0,1,432.47,432.47,4,0.25,1,0,0,0,0,1,0,0,1,0,0,0,0,1,0,0,0,0,0,0,0,1,Delivered,0,0,0
2024,8,0,1,45.94,45.94,2,0.5,1,0,1,0,0,0,0,0,1,0,0,0,0,0,0,0,1,1,0,0,0,0,Cancelled,1,0,1
2025,6,1,1,418.36,418.36,5,0.2,1,0,0,0,0,1,0,0,0,1,0,0,0,1,0,0,0,1,0,0,0,0,Delivered,0,0,0
2023,11,1,5,676.98,3384.9,5,1.0,0,1,0,0,0,0,0,0,1,0,0,0,0,0,1,0,0,0,1,0,0,0,Cancelled,1,0,1
2023,9,0,4,263.62,1054.48,5,0.8,1,0,0,0,0,0,0,1,1,0,0,0,0,0,0,1,0,1,0,0,0,0,Shipped,0,0,0
2025,4,1,5,551.27,2756.35,7,0.714,1,0,1,0,0,0,0,0,0,0,0,0,1,1,0,0,0,0,0,0,0,1,Cancelled,1,0,1
2023,1,0,3,508.12,1524.36,8,0.375,1,1,0,0,0,0,0,0,0,1,0,0,0,1,0,0,0,0,0,0,0,1,Cancelled,1,0,1
2025,2,0,2,14.93,29.86,4,0.5,0,1,0,0,0,0,0,0,0,0,0,0,1,0,1,0,0,0,1,0,0,0,Shipped,0,0,0
2023,11,0,3,229.34,688.02,6,0.5,1,0,0,0,0,0,1,0,0,1,0,0,0,0,0,1,0,0,0,0,0,1,Shipped,0,0,0
2025,4,1,2,438.62,877.24,3,0.667,1,0,0,0,0,0,0,1,1,0,0,0,0,0,0,1,0,0,1,0,0,0,Cancelled,1,0,1
2024,1,0,2,513.59,1027.18,4,0.5,1,0,0,0,0,1,0,0,0,0,0,0,1,1,0,0,0,0,0,0,0,1,Returned,0,1,1
2025,3,0,2,253.74,507.48,5,0.4,1,0,0,0,0,1,0,0,0,0,0,0,1,0,0,1,0,0,0,1,0,0,Shipped,0,0,0
2024,11,0,3,62.77,188.31,6,0.5,1,0,0,0,0,0,0,1,0,0,0,1,0,1,0,0,0,0,0,0,0,1,Shipped,0,0,0
2023,2,1,4,25.29,101.16,8,0.5,0,0,0,0,1,0,0,0,0,1,0,0,0,0,1,0,0,0,0,1,0,0,Pending,0,0,0
2023,6,0,1,335.1,335.1,6,0.167,1,1,0,0,0,0,0,0,0,0,1,0,0,1,0,0,0,0,0,0,0,1,Pending,0,0,0
2023,4,1,4,484.85,1939.4,5,0.8,1,0,0,1,0,0,0,0,0,0,1,0,0,0,0,0,1,0,0,0,0,1,Delivered,0,0,0
2025,3,1,3,381.41,1144.23,6,0.5,0,0,0,0,1,0,0,0,0,0,0,0,1,0,1,0,0,0,0,0,1,0,Pending,0,0,0
2023,1,0,5,347.92,1739.6,6,0.833,1,0,0,0,0,1,0,0,1,0,0,0,0,0,0,0,1,0,0,1,0,0,Pending,0,0,0
2024,5,0,4,15.01,60.04,6,0.667,0,1,0,0,0,0,0,0,1,0,0,0,0,0,1,0,0,0,1,0,0,0,Cancelled,1,0,1
2023,8,0,3,404.79,1214.37,6,0.5,1,1,0,0,0,0,0,0,1,0,0,0,0,0,0,1,0,0,0,0,1,0,Shipped,0,0,0
2023,2,0,4,611.26,2445.04,5,0.8,1,0,0,0,0,0,1,0,1,0,0,0,0,0,0,1,0,0,0,0,0,1,Shipped,0,0,0
2023,3,0,3,346.52,1039.56,3,1.0,1,0,0,0,0,0,1,0,0,1,0,0,0,0,0,1,0,0,0,1,0,0,Pending,0,0,0
2024,12,0,1,36.65,36.65,1,1.0,1,1,0,0,0,0,0,0,0,0,0,0,1,0,0,0,1,1,0,0,0,0,Cancelled,1,0,1
2023,9,0,3,149.34,448.02,7,0.429,1,0,0,0,0,0,0,1,0,0,0,1,0,0,0,0,1,1,0,0,0,0,Cancelled,1,0,1
2024,7,0,5,467.81,2339.05,10,0.5,0,1,0,0,0,0,0,0,0,0,0,0,1,0,1,0,0,0,1,0,0,0,Cancelled,1,0,1
2023,1,0,5,420.7,2103.5,5,1.0,1,0,0,0,0,1,0,0,1,0,0,0,0,0,0,0,1,0,1,0,0,0,Pending,0,0,0
2023,10,0,5,606.52,3032.6,6,0.833,1,0,0,1,0,0,0,0,0,0,1,0,0,0,0,1,0,0,0,0,1,0,Shipped,0,0,0
2025,1,0,1,420.26,420.26,4,0.25,1,0,0,0,0,1,0,0,0,1,0,0,0,1,0,0,0,0,1,0,0,0,Pending,0,0,0
2023,7,0,3,505.79,1517.37,3,1.0,1,0,0,1,0,0,0,0,0,0,1,0,0,1,0,0,0,0,0,0,0,1,Pending,0,0,0
2025,6,0,4,493.73,1974.92,6,0.667,1,0,0,0,0,1,0,0,0,0,1,0,0,0,0,1,0,0,1,0,0,0,Pending,0,0,0
2025,3,0,3,201.21,603.63,3,1.0,1,0,0,0,0,0,1,0,0,0,0,0,1,0,0,1,0,0,0,1,0,0,Cancelled,1,0,1
2024,10,0,3,112.29,336.87,6,0.5,0,0,0,0,0,0,1,0,0,0,0,1,0,0,1,0,0,0,0,1,0,0,Shipped,0,0,0
2023,7,0,4,132.56,530.24,8,0.5,1,0,0,0,0,0,0,1,1,0,0,0,0,0,0,0,1,0,0,0,1,0,Returned,0,1,1
2023,4,0,3,539.46,1618.38,4,0.75,1,0,0,0,0,0,1,0,0,1,0,0,0,0,0,1,0,0,1,0,0,0,Shipped,0,0,0
2024,4,1,5,508.59,2542.95,8,0.625,1,0,0,1,0,0,0,0,1,0,0,0,0,0,0,0,1,0,1,0,0,0,Returned,0,1,1
2024,2,1,4,203.46,813.84,7,0.571,1,0,1,0,0,0,0,0,0,1,0,0,0,0,0,1,0,0,0,0,0,1,Pending,0,0,0
2023,5,1,3,565.25,1695.75,7,0.429,1,0,0,0,1,0,0,0,0,0,1,0,0,0,0,1,0,1,0,0,0,0,Returned,0,1,1
2023,8,0,3,136.84,410.52,4,0.75,1,0,0,0,0,0,0,1,0,0,0,0,1,1,0,0,0,0,1,0,0,0,Pending,0,0,0
2025,6,0,2,464.5,929.0,2,1.0,1,0,0,0,1,0,0,0,0,0,0,0,1,0,0,0,1,0,0,0,1,0,Cancelled,1,0,1
2023,6,1,2,434.97,869.94,7,0.286,0,0,0,0,0,0,1,0,0,0,0,0,1,0,1,0,0,1,0,0,0,0,Shipped,0,0,0
2023,7,0,2,43.67,87.34,4,0.5,1,0,0,0,1,0,0,0,1,0,0,0,0,0,0,0,1,0,0,0,1,0,Returned,0,1,1
2023,7,0,1,171.59,171.59,5,0.2,1,0,0,0,0,1,0,0,0,1,0,0,0,0,0,0,1,1,0,0,0,0,Pending,0,0,0
2025,5,0,1,558.27,558.27,1,1.0,0,0,0,0,0,1,0,0,0,0,0,0,1,0,1,0,0,0,0,0,0,1,Delivered,0,0,0
2023,2,0,2,425.03,850.06,2,1.0,1,0,0,1,0,0,0,0,1,0,0,0,0,0,0,0,1,0,0,1,0,0,Returned,0,1,1
2024,12,0,1,376.76,376.76,5,0.2,1,0,0,0,0,0,1,0,0,0,1,0,0,0,0,1,0,1,0,0,0,0,Delivered,0,0,0
2024,3,0,5,575.24,2876.2,7,0.714,1,0,0,0,1,0,0,0,1,0,0,0,0,0,0,0,1,1,0,0,0,0,Delivered,0,0,0
2024,9,0,3,568.02,1704.06,3,1.0,1,0,1,0,0,0,0,0,0,0,0,0,1,1,0,0,0,0,0,0,1,0,Pending,0,0,0
2025,2,1,3,94.88,284.64,8,0.375,0,0,0,0,0,0,0,1,0,0,0,1,0,0,1,0,0,0,0,0,0,1,Shipped,0,0,0
2023,4,1,3,304.15,912.4499999999999,3,1.0,1,0,0,0,0,0,1,0,0,0,0,1,0,0,0,0,1,0,0,0,1,0,Shipped,0,0,0
2023,3,0,3,553.52,1660.56,4,0.75,1,0,0,0,0,1,0,0,0,0,0,1,0,1,0,0,0,0,1,0,0,0,Shipped,0,0,0
2024,4,1,3,166.99,500.97,8,0.375,0,0,0,0,1,0,0,0,1,0,0,0,0,0,1,0,0,0,1,0,0,0,Returned,0,1,1
2024,4,0,4,198.35,793.4,7,0.571,1,0,0,0,0,0,0,1,1,0,0,0,0,1,0,0,0,0,0,1,0,0,Cancelled,1,0,1
2025,6,0,4,403.58,1614.32,9,0.444,1,0,0,0,0,0,1,0,0,0,0,0,1,0,0,1,0,0,0,0,0,1,Pending,0,0,0
2025,5,1,4,464.29,1857.16,5,0.8,1,0,0,1,0,0,0,0,0,0,1,0,0,0,0,1,0,1,0,0,0,0,Returned,0,1,1
2023,3,0,3,635.98,1907.94,5,0.6,0,0,0,0,1,0,0,0,1,0,0,0,0,0,1,0,0,0,0,0,0,1,Returned,0,1,1
2024,2,1,1,528.06,528.06,2,0.5,0,0,0,0,0,1,0,0,0,1,0,0,0,0,1,0,0,0,1,0,0,0,Shipped,0,0,0
2024,4,1,1,515.32,515.32,1,1.0,1,1,0,0,0,0,0,0,0,0,0,1,0,1,0,0,0,1,0,0,0,0,Cancelled,1,0,1
2025,2,0,4,657.79,2631.16,6,0.667,1,0,1,0,0,0,0,0,0,1,0,0,0,0,0,0,1,0,0,1,0,0,Returned,0,1,1
2023,10,0,1,153.0,153.0,4,0.25,0,0,0,0,0,1,0,0,0,1,0,0,0,0,1,0,0,0,0,0,0,1,Returned,0,1,1
2023,12,1,1,668.48,668.48,1,1.0,1,0,0,0,1,0,0,0,0,0,1,0,0,0,0,1,0,1,0,0,0,0,Shipped,0,0,0
2024,2,0,2,46.5,93.0,7,0.286,1,0,1,0,0,0,0,0,1,0,0,0,0,0,0,0,1,0,0,1,0,0,Returned,0,1,1
2024,8,0,5,653.47,3267.35,10,0.5,1,1,0,0,0,0,0,0,0,1,0,0,0,0,0,1,0,0,0,0,0,1,Cancelled,1,0,1
2025,2,0,1,628.89,628.89,2,0.5,1,1,0,0,0,0,0,0,0,1,0,0,0,0,0,1,0,0,0,0,0,1,Returned,0,1,1
2024,4,1,2,675.1,1350.2,4,0.5,1,0,0,0,0,0,0,1,1,0,0,0,0,1,0,0,0,0,0,1,0,0,Pending,0,0,0
2024,7,0,4,89.41,357.64,9,0.444,0,1,0,0,0,0,0,0,0,0,0,0,1,0,1,0,0,0,0,1,0,0,Pending,0,0,0
2024,7,0,5,320.01,1600.05,6,0.833,0,0,1,0,0,0,0,0,0,0,0,1,0,0,1,0,0,0,0,0,0,1,Delivered,0,0,0
2025,5,1,2,41.0,82.0,7,0.286,0,0,0,1,0,0,0,0,0,0,0,0,1,0,1,0,0,1,0,0,0,0,Delivered,0,0,0
2023,3,1,1,565.85,565.85,1,1.0,1,0,1,0,0,0,0,0,0,0,0,1,0,1,0,0,0,0,1,0,0,0,Returned,0,1,1
2024,6,0,3,648.59,1945.77,4,0.75,1,1,0,0,0,0,0,0,0,0,1,0,0,0,0,1,0,1,0,0,0,0,Cancelled,1,0,1
2024,7,0,3,68.12,204.36,3,1.0,1,0,0,0,1,0,0,0,0,0,0,0,1,1,0,0,0,1,0,0,0,0,Cancelled,1,0,1
2024,6,1,1,616.1,616.1,6,0.167,0,1,0,0,0,0,0,0,1,0,0,0,0,0,1,0,0,1,0,0,0,0,Returned,0,1,1
2025,3,1,3,247.47,742.41,4,0.75,1,0,0,0,0,0,0,1,0,0,0,0,1,0,0,1,0,0,1,0,0,0,Delivered,0,0,0
2024,5,0,3,490.74,1472.22,3,1.0,1,0,0,0,0,1,0,0,1,0,0,0,0,0,0,0,1,1,0,0,0,0,Shipped,0,0,0
2025,2,0,3,531.72,1595.16,7,0.429,1,0,1,0,0,0,0,0,0,0,0,1,0,0,0,1,0,0,0,1,0,0,Delivered,0,0,0
2024,1,0,5,648.65,3243.25,7,0.714,0,0,0,1,0,0,0,0,0,0,0,0,1,0,1,0,0,0,0,0,0,1,Pending,0,0,0
2023,8,0,5,456.06,2280.3,10,0.5,0,0,0,0,0,0,1,0,1,0,0,0,0,0,1,0,0,0,0,0,1,0,Pending,0,0,0
2023,11,0,1,17.98,17.98,6,0.167,1,0,0,0,0,0,0,1,1,0,0,0,0,1,0,0,0,1,0,0,0,0,Cancelled,1,0,1
2024,3,1,5,269.86,1349.3,6,0.833,1,0,1,0,0,0,0,0,1,0,0,0,0,0,0,0,1,0,1,0,0,0,Shipped,0,0,0
2024,3,1,5,31.96,159.8,5,1.0,1,0,0,0,0,0,1,0,0,1,0,0,0,1,0,0,0,0,0,0,0,1,Returned,0,1,1
2023,12,0,2,98.47,196.94,3,0.667,0,0,0,0,1,0,0,0,1,0,0,0,0,0,1,0,0,0,0,0,1,0,Returned,0,1,1
2024,3,0,1,158.68,158.68,6,0.167,1,0,0,0,1,0,0,0,0,1,0,0,0,0,0,0,1,0,0,0,1,0,Returned,0,1,1
2023,8,1,1,613.98,613.98,4,0.25,1,0,0,0,0,1,0,0,0,0,0,0,1,1,0,0,0,0,1,0,0,0,Delivered,0,0,0
2024,1,0,3,426.12,1278.36,5,0.6,1,0,0,0,0,0,1,0,0,0,0,0,1,0,0,0,1,0,0,0,1,0,Delivered,0,0,0
2025,2,0,4,629.88,2519.52,8,0.5,1,0,0,0,1,0,0,0,0,0,1,0,0,0,0,0,1,0,0,0,1,0,Cancelled,1,0,1
2023,10,1,4,228.91,915.64,4,1.0,1,0,0,1,0,0,0,0,1,0,0,0,0,1,0,0,0,0,0,1,0,0,Shipped,0,0,0
2023,5,0,1,120.98,120.98,6,0.167,1,0,0,1,0,0,0,0,0,0,1,0,0,0,0,0,1,1,0,0,0,0,Delivered,0,0,0
2023,9,1,4,425.18,1700.72,8,0.5,1,1,0,0,0,0,0,0,0,0,0,0,1,0,0,0,1,0,1,0,0,0,Returned,0,1,1
2023,8,0,2,333.83,667.66,4,0.5,1,0,0,0,0,1,0,0,0,0,0,1,0,1,0,0,0,0,0,0,0,1,Cancelled,1,0,1
2025,5,0,2,492.9,985.8,5,0.4,1,0,0,1,0,0,0,0,1,0,0,0,0,1,0,0,0,0,0,0,1,0,Returned,0,1,1
2023,1,1,1,92.04,92.04,2,0.5,0,0,0,0,0,0,0,1,1,0,0,0,0,0,1,0,0,0,1,0,0,0,Shipped,0,0,0
2023,1,1,1,654.27,654.27,2,0.5,1,0,0,1,0,0,0,0,0,0,0,1,0,0,0,1,0,0,1,0,0,0,Pending,0,0,0
2023,6,0,1,56.2,56.2,1,1.0,1,0,0,0,0,0,0,1,0,0,1,0,0,0,0,0,1,0,1,0,0,0,Pending,0,0,0
2024,7,0,4,628.12,2512.48,6,0.667,1,0,0,0,0,1,0,0,0,0,0,0,1,0,0,0,1,0,0,0,1,0,Delivered,0,0,0
2024,4,0,3,157.4,472.2,7,0.429,1,0,1,0,0,0,0,0,0,0,1,0,0,0,0,0,1,1,0,0,0,0,Cancelled,1,0,1
2023,1,0,4,588.85,2355.4,7,0.571,0,0,0,0,1,0,0,0,0,0,0,1,0,0,1,0,0,1,0,0,0,0,Pending,0,0,0
2023,1,0,2,494.78,989.56,2,1.0,0,0,0,0,0,0,1,0,0,0,0,0,1,0,1,0,0,0,0,1,0,0,Shipped,0,0,0
2023,10,0,3,663.93,1991.79,6,0.5,1,0,0,1,0,0,0,0,0,0,0,1,0,1,0,0,0,1,0,0,0,0,Returned,0,1,1
2023,12,0,1,132.68,132.68,1,1.0,1,0,0,1,0,0,0,0,0,0,1,0,0,0,0,1,0,0,0,0,0,1,Returned,0,1,1
2025,4,0,5,364.28,1821.4,5,1.0,1,0,1,0,0,0,0,0,0,1,0,0,0,0,0,0,1,0,0,1,0,0,Cancelled,1,0,1
2023,5,1,5,307.98,1539.9,10,0.5,0,0,0,0,0,0,0,1,0,0,0,0,1,0,1,0,0,0,1,0,0,0,Pending,0,0,0
2024,4,0,4,162.71,650.84,7,0.571,1,0,0,0,0,1,0,0,1,0,0,0,0,1,0,0,0,1,0,0,0,0,Cancelled,1,0,1
2024,9,0,5,492.94,2464.7,10,0.5,1,1,0,0,0,0,0,0,1,0,0,0,0,1,0,0,0,1,0,0,0,0,Shipped,0,0,0
2023,3,0,2,343.99,687.98,4,0.5,0,0,0,1,0,0,0,0,0,0,0,0,1,0,1,0,0,0,0,1,0,0,Delivered,0,0,0
2025,3,1,5,250.68,1253.4,8,0.625,1,0,1,0,0,0,0,0,1,0,0,0,0,0,0,1,0,0,0,0,1,0,Shipped,0,0,0
2024,12,0,2,362.14,724.28,2,1.0,1,0,1,0,0,0,0,0,0,0,1,0,0,0,0,1,0,0,0,0,1,0,Pending,0,0,0
2024,11,1,1,214.08,214.08,2,0.5,1,0,0,0,0,0,0,1,0,0,0,1,0,0,0,0,1,0,0,1,0,0,Returned,0,1,1
2023,11,1,1,70.32,70.32,4,0.25,1,0,0,0,0,0,1,0,1,0,0,0,0,0,0,0,1,0,1,0,0,0,Returned,0,1,1
2023,1,0,5,421.42,2107.1,7,0.714,0,1,0,0,0,0,0,0,0,0,1,0,0,0,1,0,0,0,0,0,1,0,Cancelled,1,0,1
2024,1,0,5,384.69,1923.45,6,0.833,1,1,0,0,0,0,0,0,0,1,0,0,0,1,0,0,0,1,0,0,0,0,Pending,0,0,0
2023,6,0,5,448.15,2240.75,7,0.714,1,1,0,0,0,0,0,0,0,0,0,1,0,0,0,1,0,0,0,1,0,0,Returned,0,1,1
2024,5,0,5,79.08,395.4,8,0.625,0,0,0,1,0,0,0,0,1,0,0,0,0,0,1,0,0,0,1,0,0,0,Pending,0,0,0
2023,1,1,4,185.41,741.64,9,0.444,1,0,0,0,0,0,0,1,0,0,0,0,1,0,0,0,1,0,0,1,0,0,Returned,0,1,1
2024,10,0,5,566.07,2830.35,6,0.833,1,0,0,0,1,0,0,0,0,1,0,0,0,0,0,1,0,0,0,0,1,0,Delivered,0,0,0
2023,6,1,2,187.88,375.76,4,0.5,1,0,0,0,0,0,0,1,0,0,0,0,1,0,0,0,1,0,1,0,0,0,Shipped,0,0,0
2023,11,0,2,255.99,511.98,4,0.5,1,0,0,0,1,0,0,0,0,1,0,0,0,0,0,1,0,0,0,0,1,0,Delivered,0,0,0
2024,11,0,1,627.34,627.34,1,1.0,0,0,0,1,0,0,0,0,0,0,0,0,1,0,1,0,0,0,0,0,0,1,Delivered,0,0,0
2024,2,0,3,474.14,1422.42,8,0.375,1,0,0,0,0,0,0,1,0,0,0,1,0,0,0,0,1,0,0,1,0,0,Shipped,0,0,0
2025,6,1,3,154.37,463.11,4,0.75,0,1,0,0,0,0,0,0,0,0,0,1,0,0,1,0,0,0,0,0,1,0,Delivered,0,0,0
2025,3,0,4,145.05,580.2,6,0.667,1,1,0,0,0,0,0,0,0,0,0,0,1,0,0,1,0,0,0,1,0,0,Delivered,0,0,0
2023,8,1,4,67.08,268.32,8,0.5,1,0,0,0,0,0,0,1,1,0,0,0,0,0,0,0,1,0,0,1,0,0,Returned,0,1,1
2024,11,1,1,522.08,522.08,5,0.2,1,0,0,0,1,0,0,0,0,0,0,1,0,1,0,0,0,0,0,0,0,1,Returned,0,1,1
2023,6,0,5,514.6,2573.0,10,0.5,1,0,0,0,1,0,0,0,0,0,0,1,0,1,0,0,0,0,0,0,1,0,Delivered,0,0,0
2024,12,0,4,577.82,2311.28,9,0.444,0,0,0,0,1,0,0,0,0,1,0,0,0,0,1,0,0,0,0,1,0,0,Delivered,0,0,0
2025,2,0,2,500.8,1001.6,3,0.667,1,0,0,1,0,0,0,0,1,0,0,0,0,1,0,0,0,0,0,0,0,1,Delivered,0,0,0
2023,9,1,2,461.13,922.26,4,0.5,0,0,0,0,0,0,1,0,0,0,0,1,0,0,1,0,0,1,0,0,0,0,Returned,0,1,1
2024,11,0,1,605.28,605.28,3,0.333,1,0,0,1,0,0,0,0,0,0,0,1,0,1,0,0,0,0,0,0,0,1,Shipped,0,0,0
2024,4,0,3,204.27,612.8100000000001,4,0.75,0,0,0,0,0,1,0,0,0,0,0,0,1,0,1,0,0,0,0,1,0,0,Returned,0,1,1
2023,8,0,1,489.8,489.8,4,0.25,1,0,0,0,1,0,0,0,0,0,0,1,0,1,0,0,0,0,1,0,0,0,Shipped,0,0,0
2024,2,0,5,72.64,363.2,7,0.714,0,0,0,0,0,1,0,0,0,1,0,0,0,0,1,0,0,1,0,0,0,0,Cancelled,1,0,1
2025,1,0,2,385.16,770.32,7,0.286,1,0,0,0,0,0,1,0,0,0,0,0,1,0,0,1,0,1,0,0,0,0,Pending,0,0,0
2023,6,0,3,606.41,1819.23,7,0.429,1,0,1,0,0,0,0,0,0,0,1,0,0,1,0,0,0,0,1,0,0,0,Returned,0,1,1
2024,11,0,2,211.82,423.64,4,0.5,1,0,1,0,0,0,0,0,0,0,0,1,0,0,0,0,1,1,0,0,0,0,Cancelled,1,0,1
2024,4,0,5,495.35,2476.75,5,1.0,0,0,1,0,0,0,0,0,0,1,0,0,0,0,1,0,0,0,1,0,0,0,Pending,0,0,0
2023,6,0,3,556.99,1670.97,4,0.75,1,1,0,0,0,0,0,0,0,0,0,0,1,1,0,0,0,0,1,0,0,0,Cancelled,1,0,1
2023,5,0,1,72.31,72.31,1,1.0,1,0,0,0,0,0,1,0,0,0,0,1,0,1,0,0,0,0,1,0,0,0,Cancelled,1,0,1
2023,10,0,5,24.82,124.1,10,0.5,0,0,0,0,1,0,0,0,0,1,0,0,0,0,1,0,0,0,0,0,0,1,Shipped,0,0,0
2024,3,0,4,26.04,104.16,5,0.8,1,0,0,0,0,0,0,1,0,0,0,0,1,0,0,1,0,0,0,0,1,0,Pending,0,0,0
2024,10,0,1,657.07,657.07,4,0.25,1,0,0,0,0,0,0,1,1,0,0,0,0,0,0,1,0,0,0,1,0,0,Pending,0,0,0
2025,6,1,3,32.62,97.85999999999999,6,0.5,0,1,0,0,0,0,0,0,0,0,1,0,0,0,1,0,0,0,1,0,0,0,Delivered,0,0,0
2024,5,0,2,228.91,457.82,4,0.5,1,0,0,0,1,0,0,0,0,0,1,0,0,0,0,1,0,0,0,0,0,1,Shipped,0,0,0
2024,11,0,3,274.75,824.25,3,1.0,1,0,0,1,0,0,0,0,1,0,0,0,0,0,0,1,0,0,0,1,0,0,Cancelled,1,0,1
2025,5,1,4,634.05,2536.2,6,0.667,1,0,0,0,0,0,1,0,1,0,0,0,0,0,0,1,0,0,0,1,0,0,Shipped,0,0,0
2024,7,0,5,543.16,2715.8,6,0.833,1,0,0,1,0,0,0,0,0,0,0,0,1,0,0,1,0,0,0,0,1,0,Cancelled,1,0,1
2025,1,0,3,449.13,1347.39,5,0.6,1,1,0,0,0,0,0,0,1,0,0,0,0,0,0,0,1,0,0,0,0,1,Returned,0,1,1
2024,6,1,5,389.62,1948.1,7,0.714,1,0,1,0,0,0,0,0,1,0,0,0,0,1,0,0,0,0,1,0,0,0,Returned,0,1,1
2023,4,0,1,305.17,305.17,3,0.333,1,0,1,0,0,0,0,0,0,0,0,1,0,0,0,0,1,0,0,0,0,1,Returned,0,1,1
2023,6,0,3,445.12,1335.36,8,0.375,0,1,0,0,0,0,0,0,0,0,0,1,0,0,1,0,0,0,0,1,0,0,Cancelled,1,0,1
2024,12,0,2,230.36,460.72,4,0.5,1,0,0,1,0,0,0,0,0,0,0,0,1,0,0,0,1,1,0,0,0,0,Returned,0,1,1
2024,3,0,1,96.81,96.81,3,0.333,0,0,0,0,0,1,0,0,0,0,0,1,0,0,1,0,0,0,0,0,0,1,Cancelled,1,0,1
2025,3,0,5,460.14,2300.7,10,0.5,1,0,0,0,1,0,0,0,0,1,0,0,0,0,0,0,1,0,1,0,0,0,Returned,0,1,1
2024,10,0,3,601.6,1804.8,7,0.429,1,0,0,0,0,0,0,1,0,1,0,0,0,0,0,1,0,0,1,0,0,0,Cancelled,1,0,1
2024,2,0,3,184.47,553.41,4,0.75,0,0,0,0,0,0,0,1,0,0,0,0,1,0,1,0,0,0,0,0,0,1,Cancelled,1,0,1
2024,9,0,1,411.34,411.34,5,0.2,0,0,0,0,0,0,0,1,0,0,1,0,0,0,1,0,0,0,0,0,1,0,Returned,0,1,1
2024,7,0,1,532.89,532.89,2,0.5,0,0,0,1,0,0,0,0,0,0,0,1,0,0,1,0,0,0,0,0,0,1,Pending,0,0,0
2024,3,0,3,136.34,409.02,8,0.375,1,0,0,0,0,0,0,1,0,0,1,0,0,0,0,1,0,0,0,0,0,1,Returned,0,1,1
2023,10,1,5,476.01,2380.05,7,0.714,1,0,0,0,0,1,0,0,0,1,0,0,0,0,0,0,1,0,0,1,0,0,Delivered,0,0,0
2024,11,1,5,236.38,1181.9,7,0.714,0,0,1,0,0,0,0,0,0,1,0,0,0,0,1,0,0,0,1,0,0,0,Returned,0,1,1
2023,6,0,3,396.0,1188.0,4,0.75,1,0,0,0,0,0,1,0,0,0,0,1,0,1,0,0,0,0,0,0,1,0,Cancelled,1,0,1
2024,1,0,5,341.96,1709.8,6,0.833,0,0,0,0,0,0,0,1,0,0,1,0,0,0,1,0,0,1,0,0,0,0,Delivered,0,0,0
2023,9,1,1,672.89,672.89,1,1.0,1,0,0,0,0,0,0,1,0,1,0,0,0,0,0,0,1,1,0,0,0,0,Pending,0,0,0
2024,3,0,2,657.48,1314.96,5,0.4,1,0,0,0,0,0,0,1,0,0,0,0,1,0,0,1,0,0,0,0,0,1,Shipped,0,0,0
2023,8,1,3,498.68,1496.04,4,0.75,1,1,0,0,0,0,0,0,0,0,0,0,1,1,0,0,0,1,0,0,0,0,Returned,0,1,1
2023,3,1,5,558.63,2793.15,8,0.625,1,0,0,0,0,0,1,0,1,0,0,0,0,1,0,0,0,0,0,0,0,1,Pending,0,0,0
2023,7,0,3,19.73,59.19,3,1.0,0,0,0,0,0,1,0,0,0,0,0,0,1,0,1,0,0,0,0,0,0,1,Pending,0,0,0
2023,6,0,5,248.84,1244.2,10,0.5,0,0,0,0,1,0,0,0,0,0,1,0,0,0,1,0,0,0,0,0,1,0,Cancelled,1,0,1
2024,8,1,3,46.11,138.33,5,0.6,1,1,0,0,0,0,0,0,0,0,0,1,0,0,0,0,1,0,0,0,0,1,Returned,0,1,1
2023,5,0,5,678.16,3390.8,7,0.714,1,0,0,1,0,0,0,0,0,0,0,1,0,0,0,0,1,0,1,0,0,0,Delivered,0,0,0
2024,4,0,5,601.72,3008.6,5,1.0,1,0,0,1,0,0,0,0,0,0,0,1,0,0,0,0,1,0,0,0,1,0,Cancelled,1,0,1
2024,4,0,2,259.32,518.64,2,1.0,1,0,0,0,0,0,1,0,0,0,0,1,0,0,0,0,1,0,0,0,0,1,Delivered,0,0,0
2023,12,0,3,63.68,191.04,6,0.5,0,1,0,0,0,0,0,0,1,0,0,0,0,0,1,0,0,0,1,0,0,0,Returned,0,1,1
2023,10,0,4,371.07,1484.28,7,0.571,1,0,0,1,0,0,0,0,1,0,0,0,0,0,0,0,1,0,1,0,0,0,Cancelled,1,0,1
2024,9,1,4,306.35,1225.4,7,0.571,1,1,0,0,0,0,0,0,0,0,0,1,0,0,0,0,1,0,0,0,0,1,Shipped,0,0,0
2023,10,1,4,578.27,2313.08,9,0.444,1,0,0,0,0,0,0,1,0,0,0,0,1,0,0,0,1,1,0,0,0,0,Delivered,0,0,0
2023,1,0,1,529.19,529.19,5,0.2,0,1,0,0,0,0,0,0,1,0,0,0,0,0,1,0,0,0,0,0,0,1,Cancelled,1,0,1
2024,2,0,2,587.49,1174.98,6,0.333,1,1,0,0,0,0,0,0,0,0,0,1,0,0,0,1,0,0,0,0,0,1,Returned,0,1,1
2024,6,1,4,567.57,2270.28,9,0.444,1,0,0,0,0,0,1,0,0,0,1,0,0,0,0,0,1,0,0,1,0,0,Pending,0,0,0
2024,4,0,5,85.22,426.1,7,0.714,1,1,0,0,0,0,0,0,0,1,0,0,0,1,0,0,0,1,0,0,0,0,Cancelled,1,0,1
2024,8,0,1,438.37,438.37,4,0.25,1,0,0,1,0,0,0,0,1,0,0,0,0,0,0,1,0,0,0,0,0,1,Cancelled,1,0,1
2023,11,0,2,366.23,732.46,2,1.0,1,1,0,0,0,0,0,0,1,0,0,0,0,0,0,0,1,1,0,0,0,0,Shipped,0,0,0
2023,1,0,2,150.05,300.1,4,0.5,1,0,0,1,0,0,0,0,0,1,0,0,0,0,0,1,0,0,1,0,0,0,Cancelled,1,0,1
2023,10,0,4,498.51,1994.04,4,1.0,1,1,0,0,0,0,0,0,0,0,1,0,0,0,0,1,0,0,0,1,0,0,Shipped,0,0,0
2025,4,0,3,339.39,1018.17,7,0.429,1,0,1,0,0,0,0,0,1,0,0,0,0,1,0,0,0,0,0,1,0,0,Returned,0,1,1
2025,1,1,2,575.83,1151.66,3,0.667,1,0,0,0,1,0,0,0,0,0,0,0,1,0,0,0,1,0,0,0,0,1,Delivered,0,0,0
2023,12,1,2,642.98,1285.96,7,0.286,1,0,0,0,1,0,0,0,0,0,1,0,0,1,0,0,0,1,0,0,0,0,Returned,0,1,1
2023,5,0,2,372.23,744.46,7,0.286,1,0,1,0,0,0,0,0,0,0,0,1,0,0,0,1,0,1,0,0,0,0,Delivered,0,0,0
2024,11,0,3,646.34,1939.02,5,0.6,0,1,0,0,0,0,0,0,0,0,1,0,0,0,1,0,0,0,0,1,0,0,Pending,0,0,0
2024,6,0,5,341.84,1709.2,8,0.625,1,1,0,0,0,0,0,0,0,0,0,0,1,1,0,0,0,0,0,0,1,0,Shipped,0,0,0
2024,2,1,3,690.3,2070.9,6,0.5,1,0,0,0,0,0,1,0,0,1,0,0,0,0,0,0,1,0,0,1,0,0,Shipped,0,0,0
2023,6,0,3,382.37,1147.11,8,0.375,0,0,0,0,0,0,0,1,0,0,1,0,0,0,1,0,0,0,0,0,1,0,Returned,0,1,1
2023,3,0,2,132.6,265.2,4,0.5,1,1,0,0,0,0,0,0,0,0,1,0,0,0,0,0,1,1,0,0,0,0,Cancelled,1,0,1
2024,1,0,2,189.06,378.12,7,0.286,1,0,0,0,1,0,0,0,0,0,0,1,0,0,0,1,0,0,1,0,0,0,Shipped,0,0,0
2023,12,1,4,87.79,351.16,6,0.667,1,0,0,0,0,0,0,1,1,0,0,0,0,1,0,0,0,0,0,0,1,0,Cancelled,1,0,1
2025,4,0,2,46.36,92.72,4,0.5,1,0,0,0,0,0,1,0,0,0,0,1,0,0,0,1,0,0,0,1,0,0,Returned,0,1,1
2024,10,1,2,642.04,1284.08,4,0.5,1,0,0,0,0,1,0,0,0,0,0,1,0,0,0,0,1,1,0,0,0,0,Delivered,0,0,0
2024,10,1,2,651.57,1303.14,7,0.286,1,1,0,0,0,0,0,0,0,0,1,0,0,0,0,0,1,0,1,0,0,0,Shipped,0,0,0
2025,2,0,3,424.89,1274.67,6,0.5,1,0,0,0,0,0,0,1,0,0,1,0,0,1,0,0,0,0,0,1,0,0,Cancelled,1,0,1
2023,1,1,3,438.89,1316.67,3,1.0,0,0,0,1,0,0,0,0,1,0,0,0,0,0,1,0,0,0,1,0,0,0,Returned,0,1,1
2024,4,0,1,72.6,72.6,6,0.167,1,0,0,0,1,0,0,0,0,0,1,0,0,1,0,0,0,0,0,0,1,0,Cancelled,1,0,1
2024,12,0,4,194.75,779.0,5,0.8,0,0,0,1,0,0,0,0,1,0,0,0,0,0,1,0,0,0,1,0,0,0,Shipped,0,0,0
2023,5,0,4,231.26,925.04,6,0.667,1,0,0,0,0,0,0,1,0,0,0,0,1,0,0,0,1,0,0,1,0,0,Shipped,0,0,0
2024,8,1,4,327.12,1308.48,4,1.0,0,0,0,0,1,0,0,0,0,1,0,0,0,0,1,0,0,1,0,0,0,0,Cancelled,1,0,1
2023,5,0,1,466.42,466.42,5,0.2,1,0,0,1,0,0,0,0,0,0,0,1,0,0,0,1,0,1,0,0,0,0,Pending,0,0,0
2024,7,0,2,253.67,507.34,3,0.667,1,0,0,0,1,0,0,0,1,0,0,0,0,0,0,0,1,0,1,0,0,0,Returned,0,1,1
2023,2,1,1,257.0,257.0,5,0.2,0,0,1,0,0,0,0,0,0,0,1,0,0,0,1,0,0,0,0,0,0,1,Cancelled,1,0,1
2024,4,0,4,539.2,2156.8,8,0.5,1,0,1,0,0,0,0,0,0,1,0,0,0,1,0,0,0,0,0,1,0,0,Pending,0,0,0
2023,6,0,5,50.74,253.7,7,0.714,1,1,0,0,0,0,0,0,0,0,0,1,0,0,0,0,1,0,0,1,0,0,Cancelled,1,0,1
2023,5,0,2,624.16,1248.32,2,1.0,1,0,0,0,0,1,0,0,0,0,1,0,0,0,0,1,0,0,0,0,1,0,Shipped,0,0,0
2023,2,0,2,372.92,745.84,7,0.286,1,0,0,0,0,0,0,1,0,1,0,0,0,0,0,1,0,1,0,0,0,0,Delivered,0,0,0
2024,1,0,4,358.75,1435.0,9,0.444,1,0,0,1,0,0,0,0,0,0,0,1,0,0,0,1,0,0,1,0,0,0,Delivered,0,0,0
2024,8,0,3,342.02,1026.06,5,0.6,0,0,1,0,0,0,0,0,0,0,1,0,0,0,1,0,0,1,0,0,0,0,Pending,0,0,0
2025,6,0,2,422.34,844.68,4,0.5,1,0,0,1,0,0,0,0,0,1,0,0,0,1,0,0,0,0,0,0,1,0,Cancelled,1,0,1
2025,4,0,5,22.07,110.35,7,0.714,1,0,0,0,0,0,0,1,0,0,0,0,1,1,0,0,0,0,0,0,1,0,Cancelled,1,0,1
2024,11,1,3,163.13,489.39,5,0.6,1,1,0,0,0,0,0,0,0,0,0,1,0,0,0,0,1,0,1,0,0,0,Shipped,0,0,0
2023,2,0,3,360.66,1081.98,5,0.6,1,0,0,0,0,0,0,1,0,0,0,0,1,1,0,0,0,0,0,0,1,0,Returned,0,1,1
2023,8,1,3,463.39,1390.17,3,1.0,0,0,0,0,1,0,0,0,0,1,0,0,0,0,1,0,0,0,1,0,0,0,Returned,0,1,1
2024,1,0,1,155.27,155.27,6,0.167,0,0,0,0,0,0,0,1,0,0,1,0,0,0,1,0,0,1,0,0,0,0,Shipped,0,0,0
2023,7,1,3,509.42,1528.26,5,0.6,1,0,0,0,1,0,0,0,0,1,0,0,0,1,0,0,0,0,0,1,0,0,Cancelled,1,0,1
2025,5,1,4,652.48,2609.92,5,0.8,1,0,1,0,0,0,0,0,1,0,0,0,0,1,0,0,0,0,0,0,1,0,Pending,0,0,0
2024,9,1,4,34.84,139.36,8,0.5,0,0,0,0,0,0,1,0,0,1,0,0,0,0,1,0,0,1,0,0,0,0,Shipped,0,0,0
2025,2,0,1,234.37,234.37,5,0.2,1,0,1,0,0,0,0,0,0,0,1,0,0,1,0,0,0,1,0,0,0,0,Shipped,0,0,0
2023,10,0,3,53.6,160.8,4,0.75,1,0,1,0,0,0,0,0,1,0,0,0,0,0,0,0,1,0,1,0,0,0,Pending,0,0,0
2023,9,0,1,332.09,332.09,5,0.2,1,0,0,0,0,0,0,1,0,0,0,1,0,1,0,0,0,0,0,0,1,0,Returned,0,1,1
2024,3,0,4,593.22,2372.88,8,0.5,1,0,0,0,1,0,0,0,0,1,0,0,0,0,0,0,1,0,1,0,0,0,Cancelled,1,0,1
2023,8,0,2,444.84,889.68,7,0.286,0,0,0,0,0,0,0,1,0,0,0,0,1,0,1,0,0,0,1,0,0,0,Shipped,0,0,0
2024,7,0,1,24.48,24.48,1,1.0,0,0,0,0,1,0,0,0,0,0,0,1,0,0,1,0,0,0,0,0,1,0,Returned,0,1,1
2024,11,1,3,239.08,717.24,8,0.375,0,0,0,1,0,0,0,0,1,0,0,0,0,0,1,0,0,0,0,1,0,0,Shipped,0,0,0
2023,1,0,5,196.84,984.2,5,1.0,1,0,1,0,0,0,0,0,0,1,0,0,0,0,0,0,1,0,0,0,1,0,Delivered,0,0,0
2025,3,0,1,176.58,176.58,4,0.25,0,0,0,0,1,0,0,0,0,0,1,0,0,0,1,0,0,0,0,0,0,1,Returned,0,1,1
2023,10,0,4,666.52,2666.08,8,0.5,1,0,0,0,0,0,1,0,1,0,0,0,0,1,0,0,0,1,0,0,0,0,Shipped,0,0,0
2024,11,1,5,101.3,506.5,7,0.714,1,0,0,0,0,0,1,0,0,0,0,0,1,1,0,0,0,1,0,0,0,0,Shipped,0,0,0
2023,7,1,4,151.2,604.8,9,0.444,1,1,0,0,0,0,0,0,0,0,0,1,0,0,0,0,1,0,1,0,0,0,Pending,0,0,0
2025,2,0,5,94.85,474.25,6,0.833,1,0,0,0,0,0,1,0,1,0,0,0,0,0,0,0,1,1,0,0,0,0,Shipped,0,0,0
2023,1,0,2,388.22,776.44,2,1.0,1,0,0,1,0,0,0,0,1,0,0,0,0,0,0,0,1,0,0,0,1,0,Delivered,0,0,0
2023,11,0,3,614.15,1842.45,3,1.0,0,0,0,1,0,0,0,0,0,0,0,1,0,0,1,0,0,0,1,0,0,0,Cancelled,1,0,1
2024,9,0,2,92.91,185.82,3,0.667,1,0,0,1,0,0,0,0,1,0,0,0,0,0,0,0,1,0,0,0,1,0,Returned,0,1,1
2024,6,1,3,92.22,276.66,5,0.6,1,0,0,0,1,0,0,0,0,1,0,0,0,1,0,0,0,1,0,0,0,0,Delivered,0,0,0
2024,6,1,3,562.55,1687.65,6,0.5,0,0,0,0,0,0,1,0,0,0,1,0,0,0,1,0,0,1,0,0,0,0,Returned,0,1,1
2023,3,0,1,92.79,92.79,3,0.333,1,0,1,0,0,0,0,0,1,0,0,0,0,0,0,0,1,1,0,0,0,0,Pending,0,0,0
2023,6,1,4,30.27,121.08,9,0.444,1,0,1,0,0,0,0,0,0,0,0,0,1,1,0,0,0,0,0,1,0,0,Delivered,0,0,0
2025,3,1,2,49.08,98.16,7,0.286,1,0,0,0,1,0,0,0,0,0,1,0,0,1,0,0,0,0,0,0,1,0,Returned,0,1,1
2025,3,1,5,228.09,1140.45,9,0.556,1,0,1,0,0,0,0,0,0,0,0,1,0,1,0,0,0,0,1,0,0,0,Returned,0,1,1
2024,11,0,4,650.04,2600.16,6,0.667,1,1,0,0,0,0,0,0,0,0,0,1,0,0,0,1,0,0,1,0,0,0,Cancelled,1,0,1
2025,3,0,1,665.11,665.11,3,0.333,1,0,0,0,0,0,1,0,1,0,0,0,0,1,0,0,0,0,0,0,1,0,Pending,0,0,0
2024,12,1,1,386.03,386.03,4,0.25,1,0,1,0,0,0,0,0,0,0,0,0,1,1,0,0,0,0,0,1,0,0,Pending,0,0,0
2024,7,0,5,21.54,107.7,10,0.5,0,0,0,1,0,0,0,0,0,0,0,1,0,0,1,0,0,0,0,1,0,0,Returned,0,1,1
2024,7,0,2,475.78,951.56,2,1.0,1,0,0,0,0,0,0,1,0,0,0,0,1,0,0,0,1,0,0,1,0,0,Shipped,0,0,0
2024,1,0,2,68.4,136.8,7,0.286,1,0,0,0,0,0,0,1,0,0,0,1,0,1,0,0,0,1,0,0,0,0,Pending,0,0,0
2025,6,1,4,532.49,2129.96,6,0.667,1,0,0,0,0,0,0,1,0,0,0,0,1,0,0,1,0,0,1,0,0,0,Cancelled,1,0,1
2023,4,0,1,51.73,51.73,1,1.0,1,0,0,1,0,0,0,0,0,0,1,0,0,1,0,0,0,0,1,0,0,0,Pending,0,0,0
2024,7,0,3,653.63,1960.89,7,0.429,1,0,0,0,0,0,1,0,0,0,0,0,1,1,0,0,0,1,0,0,0,0,Delivered,0,0,0
2024,6,0,3,454.29,1362.87,4,0.75,1,1,0,0,0,0,0,0,0,1,0,0,0,0,0,0,1,0,0,1,0,0,Pending,0,0,0
2023,10,0,3,122.11,366.33,4,0.75,1,1,0,0,0,0,0,0,0,0,0,0,1,0,0,0,1,1,0,0,0,0,Delivered,0,0,0
2023,4,1,4,64.74,258.96,8,0.5,1,0,0,1,0,0,0,0,0,0,0,1,0,0,0,1,0,0,0,1,0,0,Cancelled,1,0,1
2024,1,1,2,681.06,1362.12,3,0.667,1,0,0,1,0,0,0,0,0,0,1,0,0,1,0,0,0,0,1,0,0,0,Shipped,0,0,0
2023,9,0,5,128.95,644.75,10,0.5,1,0,1,0,0,0,0,0,1,0,0,0,0,1,0,0,0,0,0,0,1,0,Pending,0,0,0
2024,3,0,2,118.59,237.18,2,1.0,0,0,1,0,0,0,0,0,0,1,0,0,0,0,1,0,0,1,0,0,0,0,Delivered,0,0,0
2024,11,0,1,95.1,95.1,1,1.0,1,0,0,0,0,0,1,0,0,0,0,1,0,0,0,0,1,0,0,0,1,0,Pending,0,0,0
2023,12,1,3,54.95,164.85,8,0.375,1,0,1,0,0,0,0,0,1,0,0,0,0,0,0,1,0,0,0,0,0,1,Returned,0,1,1
2024,10,0,3,136.97,410.91,4,0.75,1,0,0,0,0,0,1,0,0,1,0,0,0,1,0,0,0,0,0,0,0,1,Returned,0,1,1
2023,3,1,2,194.85,389.7,5,0.4,0,1,0,0,0,0,0,0,0,0,0,1,0,0,1,0,0,0,0,0,0,1,Returned,0,1,1
2024,10,0,4,583.02,2332.08,4,1.0,1,0,0,1,0,0,0,0,0,0,0,0,1,1,0,0,0,0,1,0,0,0,Delivered,0,0,0
2024,9,1,5,95.75,478.75,8,0.625,1,1,0,0,0,0,0,0,0,0,0,0,1,0,0,1,0,0,0,0,1,0,Shipped,0,0,0
2024,7,0,4,325.76,1303.04,8,0.5,1,0,1,0,0,0,0,0,0,0,0,1,0,0,0,0,1,1,0,0,0,0,Shipped,0,0,0
2023,9,0,4,186.41,745.64,6,0.667,1,0,0,0,0,1,0,0,0,0,0,1,0,0,0,1,0,0,0,1,0,0,Pending,0,0,0
2025,2,1,1,474.6,474.6,4,0.25,1,0,0,0,0,1,0,0,0,0,1,0,0,0,0,1,0,1,0,0,0,0,Delivered,0,0,0
2024,6,0,5,584.46,2922.3,8,0.625,0,0,0,0,0,0,1,0,0,1,0,0,0,0,1,0,0,1,0,0,0,0,Returned,0,1,1
2025,3,0,1,132.05,132.05,2,0.5,0,0,0,1,0,0,0,0,0,0,0,0,1,0,1,0,0,0,0,1,0,0,Delivered,0,0,0
2023,12,0,4,494.84,1979.36,8,0.5,1,0,0,0,0,0,0,1,1,0,0,0,0,0,0,1,0,1,0,0,0,0,Returned,0,1,1
2024,1,0,4,224.61,898.44,6,0.667,1,0,0,0,0,0,1,0,0,1,0,0,0,0,0,0,1,0,1,0,0,0,Returned,0,1,1
2024,6,0,4,44.07,176.28,6,0.667,0,0,0,0,1,0,0,0,0,0,1,0,0,0,1,0,0,1,0,0,0,0,Pending,0,0,0
2024,2,0,5,418.53,2092.65,6,0.833,1,0,0,0,1,0,0,0,0,1,0,0,0,1,0,0,0,0,0,1,0,0,Pending,0,0,0
2024,1,0,4,532.87,2131.48,9,0.444,1,0,0,0,0,1,0,0,1,0,0,0,0,1,0,0,0,0,0,0,1,0,Pending,0,0,0
2025,6,0,2,485.37,970.74,5,0.4,1,0,0,0,0,1,0,0,0,1,0,0,0,0,0,1,0,1,0,0,0,0,Shipped,0,0,0
2024,6,0,4,386.73,1546.92,4,1.0,1,0,0,0,0,1,0,0,1,0,0,0,0,0,0,1,0,0,1,0,0,0,Delivered,0,0,0
2024,7,1,2,377.47,754.94,7,0.286,0,0,1,0,0,0,0,0,1,0,0,0,0,0,1,0,0,0,0,1,0,0,Pending,0,0,0
2025,1,0,5,332.64,1663.2,10,0.5,0,0,0,0,1,0,0,0,0,0,0,1,0,0,1,0,0,0,0,0,0,1,Delivered,0,0,0
2024,11,1,3,699.93,2099.79,7,0.429,1,0,0,1,0,0,0,0,1,0,0,0,0,0,0,1,0,0,0,1,0,0,Returned,0,1,1
2024,9,0,1,576.35,576.35,1,1.0,1,0,0,0,1,0,0,0,0,0,0,1,0,0,0,0,1,0,0,0,1,0,Returned,0,1,1
2024,6,0,2,461.37,922.74,5,0.4,1,0,0,0,0,0,0,1,1,0,0,0,0,0,0,1,0,0,0,1,0,0,Delivered,0,0,0
2023,3,0,4,111.3,445.2,7,0.571,1,0,0,0,0,0,1,0,0,0,1,0,0,1,0,0,0,1,0,0,0,0,Pending,0,0,0
2025,2,0,3,661.89,1985.67,6,0.5,1,0,1,0,0,0,0,0,0,0,0,0,1,0,0,0,1,0,0,0,0,1,Cancelled,1,0,1
2025,3,0,2,259.58,519.16,7,0.286,1,0,0,0,0,0,0,1,0,0,1,0,0,1,0,0,0,0,0,0,1,0,Delivered,0,0,0
2024,7,0,3,70.81,212.43,8,0.375,1,0,0,0,0,0,0,1,0,1,0,0,0,1,0,0,0,0,0,0,0,1,Shipped,0,0,0
2025,4,1,1,518.39,518.39,4,0.25,1,0,0,1,0,0,0,0,0,0,1,0,0,1,0,0,0,0,0,0,1,0,Pending,0,0,0
2023,1,1,4,145.41,581.64,7,0.571,1,0,0,0,0,0,0,1,0,1,0,0,0,1,0,0,0,1,0,0,0,0,Returned,0,1,1
2023,1,0,2,599.86,1199.72,7,0.286,1,0,0,0,0,0,0,1,0,0,0,1,0,1,0,0,0,0,1,0,0,0,Pending,0,0,0
2024,10,0,4,429.37,1717.48,8,0.5,1,0,0,0,0,1,0,0,0,1,0,0,0,1,0,0,0,0,0,1,0,0,Delivered,0,0,0
2024,4,0,2,241.49,482.98,7,0.286,1,0,0,0,0,1,0,0,0,0,1,0,0,1,0,0,0,0,0,0,1,0,Returned,0,1,1
2025,5,1,2,452.05,904.1,3,0.667,1,0,0,0,0,0,1,0,0,1,0,0,0,0,0,0,1,1,0,0,0,0,Returned,0,1,1
2023,6,0,3,336.71,1010.13,4,0.75,0,0,1,0,0,0,0,0,0,1,0,0,0,0,1,0,0,1,0,0,0,0,Pending,0,0,0
2024,6,0,1,283.69,283.69,6,0.167,0,0,0,0,0,1,0,0,0,0,0,1,0,0,1,0,0,0,0,1,0,0,Shipped,0,0,0
2024,2,0,1,157.72,157.72,2,0.5,1,0,1,0,0,0,0,0,0,0,1,0,0,1,0,0,0,0,0,1,0,0,Delivered,0,0,0
2023,3,1,3,624.84,1874.52,8,0.375,1,0,0,0,0,0,0,1,0,1,0,0,0,0,0,0,1,0,1,0,0,0,Cancelled,1,0,1
2023,7,0,3,308.01,924.03,3,1.0,1,0,1,0,0,0,0,0,1,0,0,0,0,1,0,0,0,0,1,0,0,0,Pending,0,0,0
2025,2,0,1,39.56,39.56,5,0.2,0,0,1,0,0,0,0,0,0,0,1,0,0,0,1,0,0,0,0,1,0,0,Cancelled,1,0,1
2023,6,0,4,37.76,151.04,7,0.571,0,0,1,0,0,0,0,0,0,0,1,0,0,0,1,0,0,0,0,1,0,0,Delivered,0,0,0
2024,9,0,3,76.96,230.88,8,0.375,1,0,0,0,0,1,0,0,1,0,0,0,0,1,0,0,0,1,0,0,0,0,Returned,0,1,1
2023,4,0,1,569.96,569.96,4,0.25,1,0,0,1,0,0,0,0,0,0,0,0,1,1,0,0,0,1,0,0,0,0,Delivered,0,0,0
2024,3,1,5,627.43,3137.15,10,0.5,1,0,0,1,0,0,0,0,0,1,0,0,0,1,0,0,0,1,0,0,0,0,Cancelled,1,0,1
2023,10,0,2,534.91,1069.82,5,0.4,1,0,0,1,0,0,0,0,0,0,1,0,0,0,0,1,0,0,0,1,0,0,Returned,0,1,1
2023,1,1,2,278.88,557.76,3,0.667,1,0,0,0,0,0,1,0,0,0,1,0,0,1,0,0,0,0,0,0,0,1,Pending,0,0,0
2025,4,0,2,323.22,646.44,7,0.286,0,0,0,0,0,0,0,1,0,1,0,0,0,0,1,0,0,0,0,0,1,0,Delivered,0,0,0
2023,9,0,5,653.46,3267.3,9,0.556,1,0,0,0,0,0,0,1,1,0,0,0,0,0,0,0,1,1,0,0,0,0,Cancelled,1,0,1
2023,7,0,4,678.55,2714.2,5,0.8,0,0,0,0,0,0,1,0,1,0,0,0,0,0,1,0,0,1,0,0,0,0,Delivered,0,0,0
2024,2,1,1,314.38,314.38,6,0.167,0,0,1,0,0,0,0,0,0,0,0,0,1,0,1,0,0,0,0,1,0,0,Returned,0,1,1
2024,6,0,3,692.44,2077.32,8,0.375,1,0,0,0,0,1,0,0,0,0,1,0,0,1,0,0,0,0,0,1,0,0,Cancelled,1,0,1
2024,7,1,1,604.87,604.87,4,0.25,0,0,0,0,1,0,0,0,0,0,0,0,1,0,1,0,0,0,0,0,1,0,Delivered,0,0,0
2025,6,1,2,512.33,1024.66,7,0.286,0,0,0,0,0,1,0,0,1,0,0,0,0,0,1,0,0,0,1,0,0,0,Cancelled,1,0,1
2025,4,0,3,20.54,61.62,3,1.0,1,1,0,0,0,0,0,0,0,1,0,0,0,1,0,0,0,0,0,0,1,0,Cancelled,1,0,1
2023,3,1,2,625.22,1250.44,5,0.4,0,0,0,0,0,1,0,0,0,0,0,0,1,0,1,0,0,0,0,1,0,0,Cancelled,1,0,1
2023,8,0,1,21.19,21.19,5,0.2,1,0,0,0,0,0,0,1,1,0,0,0,0,0,0,0,1,0,0,1,0,0,Returned,0,1,1
2025,3,0,5,64.49,322.45,7,0.714,0,1,0,0,0,0,0,0,0,0,0,0,1,0,1,0,0,0,1,0,0,0,Cancelled,1,0,1
2023,4,0,4,246.85,987.4,8,0.5,1,0,0,1,0,0,0,0,0,1,0,0,0,0,0,0,1,0,0,1,0,0,Shipped,0,0,0
2023,12,0,3,588.74,1766.22,8,0.375,1,0,0,0,0,1,0,0,0,0,1,0,0,1,0,0,0,1,0,0,0,0,Pending,0,0,0
2024,3,1,4,184.48,737.92,4,1.0,1,0,0,1,0,0,0,0,0,0,0,0,1,0,0,0,1,0,0,1,0,0,Cancelled,1,0,1
2024,1,0,5,524.26,2621.3,5,1.0,1,0,0,0,0,1,0,0,0,0,0,1,0,1,0,0,0,0,0,0,0,1,Delivered,0,0,0
2024,8,1,2,493.63,987.26,6,0.333,1,0,0,0,1,0,0,0,0,0,0,0,1,0,0,1,0,0,0,0,0,1,Returned,0,1,1
2025,5,0,1,438.34,438.34,5,0.2,1,0,0,0,0,0,1,0,0,0,0,1,0,1,0,0,0,0,1,0,0,0,Returned,0,1,1
2025,5,0,1,325.81,325.81,1,1.0,1,0,0,1,0,0,0,0,0,1,0,0,0,0,0,0,1,0,0,0,0,1,Pending,0,0,0
2023,7,1,1,176.1,176.1,1,1.0,1,1,0,0,0,0,0,0,0,1,0,0,0,0,0,1,0,0,0,0,1,0,Pending,0,0,0
2023,8,0,5,45.31,226.55,8,0.625,0,1,0,0,0,0,0,0,0,0,0,0,1,0,1,0,0,0,0,0,0,1,Cancelled,1,0,1
2024,3,1,4,221.96,887.84,7,0.571,0,0,1,0,0,0,0,0,1,0,0,0,0,0,1,0,0,0,0,1,0,0,Delivered,0,0,0
2023,11,0,2,601.43,1202.86,5,0.4,1,1,0,0,0,0,0,0,0,0,0,0,1,1,0,0,0,0,0,0,1,0,Pending,0,0,0
2023,8,0,5,691.28,3456.4,10,0.5,1,0,0,0,0,0,0,1,0,0,0,0,1,0,0,1,0,1,0,0,0,0,Delivered,0,0,0
2024,9,1,4,417.89,1671.56,4,1.0,0,0,0,1,0,0,0,0,0,0,0,1,0,0,1,0,0,0,0,1,0,0,Pending,0,0,0
2024,1,1,4,409.28,1637.12,8,0.5,0,1,0,0,0,0,0,0,1,0,0,0,0,0,1,0,0,1,0,0,0,0,Pending,0,0,0
2023,6,0,2,356.35,712.7,6,0.333,1,0,1,0,0,0,0,0,0,0,1,0,0,0,0,0,1,0,1,0,0,0,Returned,0,1,1
2024,4,0,5,170.22,851.1,8,0.625,0,1,0,0,0,0,0,0,0,0,1,0,0,0,1,0,0,0,0,0,0,1,Delivered,0,0,0
2023,3,0,4,384.85,1539.4,9,0.444,1,0,0,0,0,0,1,0,0,0,0,0,1,1,0,0,0,0,0,0,1,0,Delivered,0,0,0
2024,11,0,4,115.77,463.08,7,0.571,1,0,0,1,0,0,0,0,0,0,0,0,1,0,0,1,0,0,0,0,1,0,Pending,0,0,0
2025,4,0,3,579.55,1738.65,8,0.375,1,0,0,0,0,1,0,0,0,0,0,1,0,0,0,0,1,0,1,0,0,0,Returned,0,1,1
2023,2,0,2,438.76,877.52,2,1.0,0,0,0,1,0,0,0,0,0,0,1,0,0,0,1,0,0,0,1,0,0,0,Returned,0,1,1
2025,5,0,5,488.35,2441.75,9,0.556,1,0,0,0,0,1,0,0,0,0,1,0,0,1,0,0,0,1,0,0,0,0,Returned,0,1,1
2023,4,1,4,328.56,1314.24,4,1.0,1,0,0,1,0,0,0,0,0,0,1,0,0,1,0,0,0,1,0,0,0,0,Returned,0,1,1
2025,3,0,1,68.39,68.39,3,0.333,1,0,0,0,0,0,0,1,0,0,0,0,1,0,0,0,1,0,1,0,0,0,Returned,0,1,1
2023,5,0,4,595.62,2382.48,8,0.5,1,0,0,0,0,0,1,0,0,0,1,0,0,1,0,0,0,0,1,0,0,0,Pending,0,0,0
2024,2,1,5,644.64,3223.2,6,0.833,1,1,0,0,0,0,0,0,0,0,0,1,0,1,0,0,0,1,0,0,0,0,Cancelled,1,0,1
2023,8,1,5,397.81,1989.05,5,1.0,1,0,0,0,1,0,0,0,0,0,1,0,0,0,0,1,0,0,0,0,0,1,Returned,0,1,1
2024,1,0,3,236.5,709.5,8,0.375,1,1,0,0,0,0,0,0,0,0,0,0,1,1,0,0,0,1,0,0,0,0,Delivered,0,0,0
2024,10,0,5,472.01,2360.05,10,0.5,1,0,0,1,0,0,0,0,0,0,0,1,0,0,0,1,0,1,0,0,0,0,Cancelled,1,0,1
2023,9,0,5,253.75,1268.75,9,0.556,1,1,0,0,0,0,0,0,0,0,0,0,1,0,0,0,1,0,0,0,1,0,Pending,0,0,0
2024,11,1,3,676.21,2028.63,5,0.6,1,0,0,0,1,0,0,0,0,0,0,0,1,0,0,1,0,0,0,1,0,0,Delivered,0,0,0
2024,2,0,3,134.05,402.15,3,1.0,0,0,1,0,0,0,0,0,0,1,0,0,0,0,1,0,0,0,0,1,0,0,Shipped,0,0,0
2024,4,0,5,217.43,1087.15,10,0.5,1,0,1,0,0,0,0,0,0,0,1,0,0,0,0,1,0,0,0,0,1,0,Shipped,0,0,0
2023,5,0,1,553.56,553.56,5,0.2,0,0,0,0,0,0,0,1,0,1,0,0,0,0,1,0,0,0,0,0,0,1,Cancelled,1,0,1
2023,11,1,2,28.55,57.1,7,0.286,1,0,0,1,0,0,0,0,0,0,0,1,0,0,0,1,0,1,0,0,0,0,Shipped,0,0,0
2024,1,0,2,255.26,510.52,6,0.333,1,0,0,0,0,1,0,0,0,1,0,0,0,1,0,0,0,0,0,1,0,0,Cancelled,1,0,1
2025,3,1,5,292.54,1462.7,8,0.625,1,0,0,1,0,0,0,0,0,0,1,0,0,1,0,0,0,1,0,0,0,0,Cancelled,1,0,1
2024,12,0,4,147.51,590.04,4,1.0,1,1,0,0,0,0,0,0,0,0,1,0,0,0,0,0,1,0,0,0,1,0,Pending,0,0,0
2024,8,1,3,569.84,1709.52,8,0.375,1,0,0,0,0,0,1,0,0,0,0,1,0,0,0,0,1,0,0,0,1,0,Cancelled,1,0,1
2024,2,0,5,574.79,2873.95,8,0.625,1,0,0,0,0,0,0,1,0,1,0,0,0,0,0,0,1,0,0,0,0,1,Pending,0,0,0
2023,10,0,4,598.19,2392.76,7,0.571,1,1,0,0,0,0,0,0,0,1,0,0,0,0,0,0,1,1,0,0,0,0,Delivered,0,0,0
2023,3,0,4,390.84,1563.36,9,0.444,1,0,0,0,0,1,0,0,0,1,0,0,0,0,0,0,1,0,0,0,0,1,Cancelled,1,0,1
2024,9,1,2,398.45,796.9,7,0.286,1,0,0,0,0,1,0,0,0,0,1,0,0,0,0,1,0,0,0,1,0,0,Cancelled,1,0,1
2023,5,1,5,623.81,3119.05,6,0.833,1,0,0,0,0,1,0,0,1,0,0,0,0,1,0,0,0,1,0,0,0,0,Returned,0,1,1
2024,12,1,4,174.49,697.96,5,0.8,1,0,0,1,0,0,0,0,0,1,0,0,0,0,0,1,0,0,1,0,0,0,Delivered,0,0,0
2025,3,1,1,479.56,479.56,1,1.0,1,0,0,0,0,1,0,0,0,0,0,1,0,0,0,1,0,0,0,1,0,0,Returned,0,1,1
2024,10,0,4,653.13,2612.52,8,0.5,1,0,0,1,0,0,0,0,0,1,0,0,0,0,0,0,1,0,0,0,1,0,Shipped,0,0,0
2023,8,0,3,481.1,1443.3,3,1.0,1,0,0,0,1,0,0,0,0,1,0,0,0,1,0,0,0,0,1,0,0,0,Returned,0,1,1
2025,3,0,5,271.69,1358.45,7,0.714,1,0,1,0,0,0,0,0,0,0,0,0,1,1,0,0,0,0,0,0,1,0,Returned,0,1,1
2025,3,1,3,463.81,1391.43,8,0.375,1,0,0,0,0,0,1,0,0,0,0,0,1,0,0,0,1,1,0,0,0,0,Returned,0,1,1
2023,5,0,2,639.88,1279.76,5,0.4,1,0,0,0,0,0,0,1,1,0,0,0,0,0,0,0,1,0,0,0,1,0,Delivered,0,0,0
2024,7,0,4,404.58,1618.32,5,0.8,1,1,0,0,0,0,0,0,1,0,0,0,0,1,0,0,0,0,0,0,1,0,Shipped,0,0,0
2023,2,1,1,76.93,76.93,6,0.167,1,0,0,0,1,0,0,0,0,0,1,0,0,0,0,0,1,0,0,0,1,0,Delivered,0,0,0
2024,12,0,4,190.64,762.56,5,0.8,1,0,0,0,0,0,0,1,1,0,0,0,0,0,0,1,0,1,0,0,0,0,Delivered,0,0,0
2023,12,0,2,88.73,177.46,5,0.4,0,0,0,0,0,0,1,0,0,0,0,0,1,0,1,0,0,0,0,1,0,0,Pending,0,0,0
2024,3,0,5,485.71,2428.55,10,0.5,1,1,0,0,0,0,0,0,0,0,0,0,1,0,0,1,0,0,0,0,0,1,Pending,0,0,0
2025,3,0,5,78.29,391.45,5,1.0,1,0,0,0,0,1,0,0,0,1,0,0,0,0,0,0,1,0,0,0,0,1,Shipped,0,0,0
2024,4,0,5,22.14,110.7,10,0.5,0,0,0,0,0,0,1,0,1,0,0,0,0,0,1,0,0,0,0,0,1,0,Returned,0,1,1
2024,3,0,1,679.65,679.65,6,0.167,1,0,1,0,0,0,0,0,0,0,1,0,0,1,0,0,0,0,0,1,0,0,Shipped,0,0,0
2023,2,0,1,178.44,178.44,2,0.5,1,0,0,0,0,1,0,0,0,1,0,0,0,1,0,0,0,0,0,1,0,0,Cancelled,1,0,1
2025,6,1,5,655.55,3277.75,5,1.0,0,1,0,0,0,0,0,0,0,0,0,0,1,0,1,0,0,1,0,0,0,0,Delivered,0,0,0
2024,4,0,4,577.08,2308.32,8,0.5,0,0,1,0,0,0,0,0,0,0,0,0,1,0,1,0,0,0,1,0,0,0,Pending,0,0,0
2023,8,0,3,197.97,593.91,5,0.6,0,1,0,0,0,0,0,0,0,0,0,0,1,0,1,0,0,0,0,1,0,0,Cancelled,1,0,1
2024,1,1,3,411.95,1235.85,7,0.429,1,1,0,0,0,0,0,0,0,1,0,0,0,1,0,0,0,0,0,0,0,1,Delivered,0,0,0
2024,9,0,2,443.22,886.44,5,0.4,0,0,0,0,0,0,1,0,0,1,0,0,0,0,1,0,0,0,1,0,0,0,Delivered,0,0,0
2025,5,0,3,364.14,1092.42,7,0.429,1,0,0,1,0,0,0,0,0,0,0,0,1,0,0,0,1,0,0,0,0,1,Pending,0,0,0
2025,5,0,3,430.06,1290.18,8,0.375,1,0,1,0,0,0,0,0,0,0,0,1,0,1,0,0,0,0,0,0,1,0,Cancelled,1,0,1
2024,12,0,1,320.92,320.92,5,0.2,1,1,0,0,0,0,0,0,0,0,0,0,1,1,0,0,0,0,1,0,0,0,Returned,0,1,1
2023,10,1,3,107.36,322.08,5,0.6,1,0,0,0,0,1,0,0,0,0,0,1,0,1,0,0,0,0,0,1,0,0,Delivered,0,0,0
2024,7,0,2,359.86,719.72,4,0.5,0,0,1,0,0,0,0,0,0,0,1,0,0,0,1,0,0,0,0,0,0,1,Cancelled,1,0,1
2024,11,0,4,434.23,1736.92,8,0.5,1,0,0,0,0,0,1,0,0,0,0,0,1,1,0,0,0,1,0,0,0,0,Shipped,0,0,0
2023,1,1,2,645.85,1291.7,5,0.4,0,1,0,0,0,0,0,0,0,0,0,0,1,0,1,0,0,0,0,0,0,1,Shipped,0,0,0
2025,6,0,4,214.35,857.4,7,0.571,1,0,0,0,0,0,1,0,0,0,1,0,0,0,0,0,1,0,0,0,0,1,Cancelled,1,0,1
2025,4,1,3,638.5,1915.5,4,0.75,1,0,0,0,1,0,0,0,0,0,1,0,0,1,0,0,0,0,0,0,1,0,Cancelled,1,0,1
2023,12,0,1,365.57,365.57,5,0.2,1,0,0,1,0,0,0,0,0,0,0,0,1,0,0,1,0,1,0,0,0,0,Cancelled,1,0,1
2024,10,0,3,568.05,1704.15,6,0.5,1,0,1,0,0,0,0,0,0,0,0,1,0,0,0,1,0,0,0,1,0,0,Pending,0,0,0
2023,10,0,3,490.01,1470.03,4,0.75,1,0,0,0,0,0,1,0,1,0,0,0,0,0,0,1,0,0,1,0,0,0,Returned,0,1,1
2025,6,0,3,372.6,1117.8,7,0.429,1,0,0,1,0,0,0,0,0,1,0,0,0,0,0,0,1,0,0,0,0,1,Delivered,0,0,0
2023,5,0,5,240.61,1203.05,10,0.5,1,0,0,0,1,0,0,0,0,1,0,0,0,1,0,0,0,1,0,0,0,0,Shipped,0,0,0
2024,6,0,1,586.62,586.62,5,0.2,0,0,0,0,0,1,0,0,0,0,1,0,0,0,1,0,0,0,1,0,0,0,Shipped,0,0,0
2024,3,1,3,257.84,773.52,4,0.75,0,0,0,0,0,1,0,0,0,0,0,0,1,0,1,0,0,0,0,0,1,0,Delivered,0,0,0
2023,8,1,5,435.66,2178.3,9,0.556,0,0,0,0,0,0,0,1,0,0,0,0,1,0,1,0,0,0,1,0,0,0,Pending,0,0,0
2024,8,0,5,261.33,1306.65,5,1.0,1,1,0,0,0,0,0,0,0,1,0,0,0,0,0,1,0,0,0,0,0,1,Returned,0,1,1
2024,1,0,1,422.54,422.54,1,1.0,1,0,0,0,0,0,1,0,1,0,0,0,0,0,0,1,0,0,0,1,0,0,Delivered,0,0,0
2023,3,1,5,330.45,1652.25,10,0.5,1,0,1,0,0,0,0,0,0,0,0,1,0,1,0,0,0,0,0,1,0,0,Shipped,0,0,0
2023,12,1,3,120.82,362.46,5,0.6,1,0,1,0,0,0,0,0,0,1,0,0,0,0,0,1,0,0,0,0,0,1,Shipped,0,0,0
2024,5,0,1,14.06,14.06,5,0.2,1,0,0,0,0,1,0,0,0,1,0,0,0,0,0,1,0,0,0,0,0,1,Pending,0,0,0
2023,5,0,1,491.11,491.11,4,0.25,1,0,1,0,0,0,0,0,0,1,0,0,0,0,0,1,0,0,1,0,0,0,Delivered,0,0,0
2023,4,1,4,677.37,2709.48,8,0.5,1,0,0,0,1,0,0,0,1,0,0,0,0,0,0,1,0,0,0,1,0,0,Pending,0,0,0
2024,7,0,5,189.25,946.25,10,0.5,1,0,1,0,0,0,0,0,0,0,1,0,0,0,0,0,1,1,0,0,0,0,Cancelled,1,0,1
2024,5,1,4,142.58,570.32,4,1.0,1,0,0,0,0,0,1,0,1,0,0,0,0,1,0,0,0,0,1,0,0,0,Delivered,0,0,0
2024,6,1,4,316.32,1265.28,7,0.571,0,0,0,0,1,0,0,0,0,0,1,0,0,0,1,0,0,0,1,0,0,0,Delivered,0,0,0
2024,3,1,2,533.95,1067.9,5,0.4,1,0,1,0,0,0,0,0,0,0,0,0,1,0,0,0,1,0,0,1,0,0,Delivered,0,0,0
2025,6,1,4,470.09,1880.36,4,1.0,1,0,0,0,0,1,0,0,0,0,1,0,0,1,0,0,0,0,0,1,0,0,Delivered,0,0,0
2024,5,0,3,324.3,972.9000000000001,8,0.375,1,0,0,0,0,0,0,1,0,0,1,0,0,1,0,0,0,1,0,0,0,0,Pending,0,0,0
2023,7,0,4,629.34,2517.36,7,0.571,0,1,0,0,0,0,0,0,1,0,0,0,0,0,1,0,0,1,0,0,0,0,Shipped,0,0,0
2024,5,1,3,136.84,410.52,3,1.0,1,0,1,0,0,0,0,0,1,0,0,0,0,0,0,1,0,0,1,0,0,0,Delivered,0,0,0
2023,10,0,2,488.9,977.8,7,0.286,1,1,0,0,0,0,0,0,1,0,0,0,0,1,0,0,0,0,1,0,0,0,Delivered,0,0,0
2023,8,0,5,133.39,666.9499999999999,6,0.833,1,0,0,1,0,0,0,0,0,1,0,0,0,1,0,0,0,0,0,0,0,1,Delivered,0,0,0
2024,6,1,5,608.91,3044.55,6,0.833,1,1,0,0,0,0,0,0,0,0,0,1,0,0,0,1,0,0,0,1,0,0,Pending,0,0,0
2024,7,0,1,524.06,524.06,3,0.333,1,0,0,0,0,0,0,1,0,0,1,0,0,1,0,0,0,1,0,0,0,0,Pending,0,0,0
2023,6,0,2,330.69,661.38,5,0.4,1,0,1,0,0,0,0,0,0,0,0,0,1,0,0,1,0,0,0,1,0,0,Cancelled,1,0,1
2025,4,0,2,547.67,1095.34,3,0.667,0,0,0,0,0,1,0,0,0,0,0,1,0,0,1,0,0,0,0,0,1,0,Shipped,0,0,0
2025,3,0,4,233.7,934.8,8,0.5,1,0,0,1,0,0,0,0,0,0,0,0,1,0,0,1,0,0,1,0,0,0,Shipped,0,0,0
2023,1,0,2,448.85,897.7,6,0.333,0,0,0,0,0,0,0,1,0,1,0,0,0,0,1,0,0,0,0,0,1,0,Pending,0,0,0
2025,6,1,2,274.12,548.24,6,0.333,1,0,0,0,0,1,0,0,1,0,0,0,0,1,0,0,0,0,0,0,0,1,Delivered,0,0,0
2025,5,0,5,561.48,2807.4,9,0.556,1,0,0,0,0,0,1,0,0,0,0,0,1,1,0,0,0,0,1,0,0,0,Delivered,0,0,0
2024,5,0,1,595.54,595.54,4,0.25,0,1,0,0,0,0,0,0,0,0,0,1,0,0,1,0,0,0,0,0,1,0,Shipped,0,0,0
2024,4,1,4,515.59,2062.36,7,0.571,1,0,0,1,0,0,0,0,0,1,0,0,0,1,0,0,0,0,0,1,0,0,Shipped,0,0,0
2023,10,0,1,460.13,460.13,1,1.0,0,0,0,0,0,1,0,0,0,1,0,0,0,0,1,0,0,0,0,1,0,0,Returned,0,1,1
2024,12,0,3,171.66,514.98,7,0.429,0,1,0,0,0,0,0,0,0,0,1,0,0,0,1,0,0,0,0,1,0,0,Delivered,0,0,0
2024,7,0,2,266.95,533.9,3,0.667,0,0,0,1,0,0,0,0,0,1,0,0,0,0,1,0,0,0,0,0,1,0,Pending,0,0,0
2024,10,1,5,650.72,3253.6,8,0.625,1,0,0,0,1,0,0,0,0,1,0,0,0,0,0,0,1,1,0,0,0,0,Cancelled,1,0,1
2023,8,0,3,439.53,1318.59,5,0.6,0,0,0,1,0,0,0,0,0,0,1,0,0,0,1,0,0,0,0,1,0,0,Pending,0,0,0
2023,11,1,3,654.54,1963.62,7,0.429,1,0,0,0,1,0,0,0,1,0,0,0,0,0,0,1,0,0,0,0,0,1,Returned,0,1,1
2024,6,0,1,394.53,394.53,2,0.5,1,0,1,0,0,0,0,0,1,0,0,0,0,1,0,0,0,0,0,0,0,1,Shipped,0,0,0
2023,3,0,1,678.01,678.01,4,0.25,1,0,0,0,1,0,0,0,1,0,0,0,0,1,0,0,0,0,0,0,0,1,Pending,0,0,0
2023,5,0,3,575.01,1725.03,8,0.375,1,0,0,0,0,0,0,1,0,0,0,0,1,0,0,0,1,0,0,0,1,0,Cancelled,1,0,1
2023,11,0,3,154.64,463.92,6,0.5,1,1,0,0,0,0,0,0,0,0,1,0,0,0,0,0,1,0,1,0,0,0,Pending,0,0,0
2024,10,0,3,147.29,441.87,3,1.0,1,0,1,0,0,0,0,0,0,0,0,1,0,1,0,0,0,0,0,1,0,0,Shipped,0,0,0
2024,9,0,4,481.48,1925.92,5,0.8,1,0,0,1,0,0,0,0,0,0,0,1,0,0,0,1,0,0,0,0,1,0,Delivered,0,0,0
2025,3,0,3,158.37,475.11,6,0.5,0,0,0,0,1,0,0,0,1,0,0,0,0,0,1,0,0,0,0,0,0,1,Shipped,0,0,0
2025,4,0,2,323.37,646.74,3,0.667,1,0,0,0,0,0,1,0,0,0,0,0,1,0,0,1,0,0,0,0,1,0,Pending,0,0,0
2025,2,0,5,73.83,369.15,9,0.556,0,0,0,1,0,0,0,0,0,0,1,0,0,0,1,0,0,0,0,0,1,0,Pending,0,0,0
2024,4,1,1,458.63,458.63,4,0.25,1,0,0,0,0,0,0,1,0,0,1,0,0,0,0,0,1,0,0,0,0,1,Returned,0,1,1
2024,7,1,4,180.25,721.0,7,0.571,0,0,0,0,1,0,0,0,0,0,1,0,0,0,1,0,0,0,1,0,0,0,Cancelled,1,0,1
2023,5,0,3,473.49,1420.47,7,0.429,0,0,0,0,1,0,0,0,0,1,0,0,0,0,1,0,0,1,0,0,0,0,Pending,0,0,0
2025,2,0,4,237.43,949.72,8,0.5,1,0,0,0,1,0,0,0,1,0,0,0,0,0,0,0,1,0,0,0,0,1,Cancelled,1,0,1
2023,11,0,1,442.39,442.39,6,0.167,1,0,0,1,0,0,0,0,0,0,0,1,0,1,0,0,0,0,1,0,0,0,Pending,0,0,0
2024,9,0,1,62.12,62.12,2,0.5,0,0,0,0,1,0,0,0,1,0,0,0,0,0,1,0,0,1,0,0,0,0,Returned,0,1,1
2024,8,1,5,298.39,1491.95,7,0.714,1,0,1,0,0,0,0,0,0,0,0,1,0,0,0,0,1,0,0,0,0,1,Cancelled,1,0,1
2025,5,0,2,697.93,1395.86,2,1.0,1,0,1,0,0,0,0,0,0,1,0,0,0,0,0,1,0,0,0,1,0,0,Cancelled,1,0,1
2024,5,0,2,291.85,583.7,5,0.4,1,0,0,0,0,0,0,1,1,0,0,0,0,1,0,0,0,0,0,0,1,0,Shipped,0,0,0
2024,5,0,3,308.98,926.94,3,1.0,1,0,0,0,0,0,1,0,1,0,0,0,0,0,0,1,0,0,0,0,1,0,Delivered,0,0,0
2024,8,0,5,396.86,1984.3,9,0.556,1,0,1,0,0,0,0,0,1,0,0,0,0,0,0,1,0,0,0,0,1,0,Cancelled,1,0,1
2024,1,0,2,139.69,279.38,7,0.286,1,0,1,0,0,0,0,0,0,0,0,0,1,1,0,0,0,1,0,0,0,0,Returned,0,1,1
2023,2,0,5,475.95,2379.75,8,0.625,1,0,0,0,0,0,1,0,0,1,0,0,0,0,0,0,1,0,1,0,0,0,Returned,0,1,1
2025,2,0,1,626.6,626.6,4,0.25,1,0,1,0,0,0,0,0,0,0,0,1,0,0,0,0,1,0,1,0,0,0,Returned,0,1,1
2024,2,0,4,502.99,2011.96,4,1.0,1,0,0,1,0,0,0,0,0,0,1,0,0,0,0,0,1,0,0,0,0,1,Shipped,0,0,0
2024,6,0,5,578.83,2894.15,6,0.833,0,0,0,0,0,0,1,0,1,0,0,0,0,0,1,0,0,0,0,0,0,1,Returned,0,1,1
2025,1,0,5,383.82,1919.1,7,0.714,1,0,0,1,0,0,0,0,0,1,0,0,0,1,0,0,0,0,0,1,0,0,Returned,0,1,1
2025,6,0,5,368.25,1841.25,5,1.0,0,0,0,1,0,0,0,0,0,0,0,0,1,0,1,0,0,0,0,0,1,0,Delivered,0,0,0
2025,2,0,2,374.6,749.2,3,0.667,1,0,0,0,0,0,1,0,0,0,0,0,1,1,0,0,0,0,0,0,0,1,Shipped,0,0,0
2025,3,0,2,428.09,856.18,6,0.333,0,0,0,0,0,0,0,1,0,1,0,0,0,0,1,0,0,0,0,0,1,0,Returned,0,1,1
2023,7,0,1,438.93,438.93,3,0.333,1,0,0,0,0,0,0,1,0,0,0,1,0,0,0,1,0,0,0,0,0,1,Cancelled,1,0,1
2024,6,0,2,563.82,1127.64,3,0.667,0,0,1,0,0,0,0,0,0,1,0,0,0,0,1,0,0,0,0,0,1,0,Pending,0,0,0
2023,2,1,3,649.93,1949.79,7,0.429,1,0,0,0,0,0,1,0,0,1,0,0,0,0,0,0,1,0,1,0,0,0,Pending,0,0,0
2025,3,1,5,268.43,1342.15,5,1.0,1,0,0,0,0,0,1,0,1,0,0,0,0,0,0,1,0,1,0,0,0,0,Returned,0,1,1
2024,12,0,5,502.47,2512.35,10,0.5,1,0,0,0,1,0,0,0,0,0,0,0,1,0,0,0,1,1,0,0,0,0,Shipped,0,0,0
2024,3,0,1,26.95,26.95,1,1.0,1,0,1,0,0,0,0,0,1,0,0,0,0,0,0,0,1,1,0,0,0,0,Delivered,0,0,0
2023,2,0,4,64.69,258.76,7,0.571,1,0,0,1,0,0,0,0,0,0,1,0,0,0,0,0,1,0,0,1,0,0,Shipped,0,0,0
2024,5,0,3,247.11,741.33,3,1.0,1,0,0,1,0,0,0,0,0,0,1,0,0,0,0,0,1,0,0,0,0,1,Returned,0,1,1
2024,10,0,2,536.25,1072.5,3,0.667,0,0,0,0,0,0,0,1,0,0,1,0,0,0,1,0,0,1,0,0,0,0,Pending,0,0,0
2024,12,0,2,456.04,912.08,4,0.5,1,0,0,0,0,1,0,0,0,0,1,0,0,1,0,0,0,1,0,0,0,0,Returned,0,1,1
2024,1,0,2,40.23,80.46,4,0.5,1,0,0,0,0,0,1,0,0,1,0,0,0,0,0,1,0,0,0,1,0,0,Cancelled,1,0,1
2023,3,1,2,72.39,144.78,7,0.286,1,0,0,1,0,0,0,0,0,0,0,0,1,0,0,0,1,0,0,0,1,0,Delivered,0,0,0
2023,1,0,2,394.16,788.32,2,1.0,0,0,0,0,1,0,0,0,0,0,0,0,1,0,1,0,0,0,0,0,0,1,Shipped,0,0,0
2025,6,1,4,119.84,479.36,8,0.5,1,0,0,1,0,0,0,0,0,0,0,1,0,1,0,0,0,0,0,0,0,1,Shipped,0,0,0
2023,11,0,3,692.71,2078.13,3,1.0,1,0,0,0,0,1,0,0,0,1,0,0,0,1,0,0,0,0,0,0,1,0,Delivered,0,0,0
2024,1,0,4,56.66,226.64,4,1.0,1,1,0,0,0,0,0,0,0,0,0,0,1,0,0,1,0,0,0,0,1,0,Delivered,0,0,0
2024,1,0,2,298.53,597.06,5,0.4,1,1,0,0,0,0,0,0,0,0,1,0,0,0,0,0,1,1,0,0,0,0,Cancelled,1,0,1
2023,7,0,3,331.46,994.3799999999999,6,0.5,1,1,0,0,0,0,0,0,0,1,0,0,0,0,0,0,1,0,0,0,0,1,Cancelled,1,0,1
2025,4,0,2,521.4,1042.8,7,0.286,1,0,0,1,0,0,0,0,1,0,0,0,0,0,0,1,0,0,0,0,1,0,Delivered,0,0,0
2023,3,0,4,305.32,1221.28,4,1.0,1,0,0,0,0,0,1,0,0,0,0,0,1,0,0,1,0,0,0,1,0,0,Cancelled,1,0,1
2023,7,0,5,111.7,558.5,9,0.556,1,0,0,0,0,0,1,0,0,1,0,0,0,1,0,0,0,1,0,0,0,0,Cancelled,1,0,1
2023,9,0,1,479.76,479.76,1,1.0,0,0,0,0,0,0,0,1,0,1,0,0,0,0,1,0,0,1,0,0,0,0,Pending,0,0,0
2023,12,0,3,193.49,580.47,6,0.5,1,0,0,0,1,0,0,0,0,0,0,1,0,1,0,0,0,0,1,0,0,0,Returned,0,1,1
2024,12,0,2,426.22,852.44,7,0.286,1,0,0,1,0,0,0,0,0,0,0,0,1,0,0,0,1,0,0,1,0,0,Delivered,0,0,0
2023,8,1,5,276.44,1382.2,10,0.5,1,0,0,0,0,0,0,1,0,0,0,1,0,1,0,0,0,0,0,0,0,1,Shipped,0,0,0
2024,5,1,2,404.96,809.92,4,0.5,1,0,0,0,0,1,0,0,1,0,0,0,0,0,0,1,0,1,0,0,0,0,Shipped,0,0,0
2023,9,0,4,465.66,1862.64,9,0.444,1,0,0,0,0,1,0,0,0,0,0,0,1,1,0,0,0,1,0,0,0,0,Returned,0,1,1
2024,6,0,2,594.07,1188.14,2,1.0,0,0,0,0,0,1,0,0,0,0,0,1,0,0,1,0,0,0,0,1,0,0,Cancelled,1,0,1
2023,11,0,5,110.38,551.9,10,0.5,0,0,1,0,0,0,0,0,1,0,0,0,0,0,1,0,0,0,0,0,0,1,Pending,0,0,0
2024,5,0,1,596.24,596.24,4,0.25,1,0,0,1,0,0,0,0,0,1,0,0,0,1,0,0,0,0,0,0,1,0,Returned,0,1,1
2024,7,0,2,306.24,612.48,4,0.5,1,0,0,0,0,0,1,0,0,0,0,0,1,1,0,0,0,1,0,0,0,0,Returned,0,1,1
2025,2,0,3,503.39,1510.17,5,0.6,0,0,0,0,1,0,0,0,0,0,0,0,1,0,1,0,0,0,1,0,0,0,Pending,0,0,0
2023,2,0,1,131.61,131.61,2,0.5,1,0,0,0,0,1,0,0,1,0,0,0,0,1,0,0,0,0,1,0,0,0,Shipped,0,0,0
2024,10,0,3,443.44,1330.32,3,1.0,1,1,0,0,0,0,0,0,0,0,0,1,0,1,0,0,0,0,0,1,0,0,Shipped,0,0,0
2023,1,0,1,408.13,408.13,3,0.333,1,1,0,0,0,0,0,0,0,0,0,1,0,0,0,0,1,0,0,0,1,0,Shipped,0,0,0
2024,4,0,2,160.98,321.96,3,0.667,1,0,0,0,0,1,0,0,0,0,1,0,0,0,0,1,0,0,0,0,0,1,Delivered,0,0,0
2023,1,0,5,643.89,3219.45,8,0.625,1,0,0,0,1,0,0,0,1,0,0,0,0,0,0,0,1,0,1,0,0,0,Returned,0,1,1
2023,5,1,3,158.66,475.98,7,0.429,1,0,1,0,0,0,0,0,0,0,0,1,0,0,0,0,1,1,0,0,0,0,Delivered,0,0,0
2024,4,1,2,143.82,287.64,6,0.333,1,0,0,0,0,0,0,1,0,1,0,0,0,0,0,1,0,0,0,0,1,0,Returned,0,1,1
2023,12,0,3,379.07,1137.21,3,1.0,1,0,0,1,0,0,0,0,0,0,0,1,0,0,0,0,1,0,0,1,0,0,Pending,0,0,0
2024,11,0,1,601.36,601.36,1,1.0,0,0,0,0,0,1,0,0,0,0,0,0,1,0,1,0,0,0,1,0,0,0,Shipped,0,0,0
2024,9,0,2,142.08,284.16,4,0.5,1,0,0,0,0,1,0,0,0,0,0,1,0,0,0,1,0,0,0,0,0,1,Delivered,0,0,0
2024,3,0,5,530.34,2651.7,9,0.556,1,1,0,0,0,0,0,0,0,0,0,0,1,1,0,0,0,0,0,1,0,0,Shipped,0,0,0
2023,8,1,5,364.42,1822.1,10,0.5,1,0,0,0,0,1,0,0,0,1,0,0,0,0,0,1,0,0,0,0,0,1,Cancelled,1,0,1
2025,6,0,4,578.28,2313.12,5,0.8,1,0,0,1,0,0,0,0,0,0,0,1,0,1,0,0,0,1,0,0,0,0,Cancelled,1,0,1
2025,5,0,5,280.52,1402.6,7,0.714,1,0,0,0,1,0,0,0,0,1,0,0,0,0,0,0,1,0,1,0,0,0,Cancelled,1,0,1
2025,5,0,5,638.92,3194.6,5,1.0,1,0,0,0,0,0,0,1,0,1,0,0,0,1,0,0,0,0,0,1,0,0,Returned,0,1,1
2024,2,0,4,412.2,1648.8,6,0.667,1,0,0,0,1,0,0,0,0,1,0,0,0,0,0,0,1,0,0,0,0,1,Shipped,0,0,0
2025,6,0,1,440.34,440.34,2,0.5,1,0,1,0,0,0,0,0,0,0,0,1,0,0,0,0,1,0,1,0,0,0,Shipped,0,0,0
2024,9,1,1,627.15,627.15,5,0.2,1,0,1,0,0,0,0,0,1,0,0,0,0,0,0,1,0,0,0,0,1,0,Delivered,0,0,0
2024,5,0,2,605.26,1210.52,4,0.5,1,0,0,0,1,0,0,0,1,0,0,0,0,0,0,0,1,0,0,0,0,1,Cancelled,1,0,1
2024,6,1,1,90.27,90.27,5,0.2,1,0,0,1,0,0,0,0,1,0,0,0,0,0,0,1,0,0,1,0,0,0,Delivered,0,0,0
2025,6,0,5,230.77,1153.85,10,0.5,1,0,1,0,0,0,0,0,0,0,0,0,1,0,0,0,1,0,0,0,0,1,Pending,0,0,0
2023,9,0,5,266.78,1333.9,5,1.0,0,0,1,0,0,0,0,0,0,0,0,1,0,0,1,0,0,1,0,0,0,0,Cancelled,1,0,1
2023,5,0,1,105.92,105.92,6,0.167,1,0,1,0,0,0,0,0,0,0,0,1,0,0,0,1,0,1,0,0,0,0,Returned,0,1,1
2024,4,0,3,589.3,1767.9,6,0.5,1,0,0,0,0,0,0,1,0,1,0,0,0,0,0,0,1,0,0,0,0,1,Returned,0,1,1
2023,1,1,4,649.47,2597.88,8,0.5,1,1,0,0,0,0,0,0,1,0,0,0,0,0,0,1,0,0,0,1,0,0,Pending,0,0,0
2024,6,0,4,107.49,429.96,5,0.8,0,0,0,0,0,0,1,0,1,0,0,0,0,0,1,0,0,0,0,1,0,0,Delivered,0,0,0
2023,5,0,3,669.06,2007.18,7,0.429,1,0,0,0,1,0,0,0,1,0,0,0,0,0,0,1,0,0,1,0,0,0,Delivered,0,0,0
2023,10,1,3,69.65,208.95,7,0.429,1,1,0,0,0,0,0,0,1,0,0,0,0,0,0,0,1,0,0,0,1,0,Delivered,0,0,0
2023,11,1,4,136.83,547.32,8,0.5,1,0,0,0,0,1,0,0,0,0,1,0,0,0,0,1,0,1,0,0,0,0,Pending,0,0,0
2024,9,0,1,304.11,304.11,2,0.5,1,0,0,0,1,0,0,0,0,0,0,1,0,0,0,1,0,0,0,0,0,1,Shipped,0,0,0
2024,11,1,4,296.28,1185.12,5,0.8,1,0,0,0,1,0,0,0,0,0,0,1,0,0,0,1,0,1,0,0,0,0,Shipped,0,0,0
2025,2,0,1,77.64,77.64,1,1.0,1,0,1,0,0,0,0,0,0,1,0,0,0,1,0,0,0,0,1,0,0,0,Shipped,0,0,0
2024,7,1,1,243.71,243.71,6,0.167,1,0,1,0,0,0,0,0,0,0,0,1,0,0,0,1,0,0,0,1,0,0,Delivered,0,0,0
2024,9,1,4,644.96,2579.84,7,0.571,1,0,0,1,0,0,0,0,0,1,0,0,0,1,0,0,0,1,0,0,0,0,Pending,0,0,0
2025,6,0,5,283.73,1418.65,8,0.625,1,0,0,0,0,1,0,0,0,0,0,1,0,1,0,0,0,0,0,0,1,0,Pending,0,0,0
2025,2,0,2,629.56,1259.12,5,0.4,1,0,1,0,0,0,0,0,0,0,0,1,0,0,0,0,1,0,0,0,1,0,Cancelled,1,0,1
2023,3,0,4,246.11,984.44,4,1.0,1,0,0,1,0,0,0,0,0,1,0,0,0,0,0,1,0,0,0,0,1,0,Pending,0,0,0
2023,11,1,2,418.26,836.52,2,1.0,1,0,0,0,0,1,0,0,0,0,1,0,0,0,0,1,0,0,0,1,0,0,Pending,0,0,0
2024,5,0,5,127.18,635.9000000000001,10,0.5,1,0,1,0,0,0,0,0,0,0,1,0,0,1,0,0,0,0,0,1,0,0,Cancelled,1,0,1
2024,8,0,3,586.21,1758.63,4,0.75,1,0,0,0,0,0,1,0,0,0,0,1,0,0,0,0,1,0,0,0,0,1,Pending,0,0,0
2024,4,1,3,267.45,802.3499999999999,5,0.6,1,0,0,0,1,0,0,0,0,0,0,1,0,0,0,0,1,0,0,0,1,0,Delivered,0,0,0
2024,6,0,4,615.65,2462.6,9,0.444,1,0,0,0,0,0,0,1,0,0,1,0,0,0,0,0,1,0,0,1,0,0,Delivered,0,0,0
2023,11,1,2,113.29,226.58,5,0.4,1,0,0,0,1,0,0,0,1,0,0,0,0,0,0,1,0,0,1,0,0,0,Pending,0,0,0
2024,4,1,4,473.86,1895.44,7,0.571,1,0,0,0,1,0,0,0,0,0,1,0,0,0,0,1,0,0,1,0,0,0,Delivered,0,0,0
2023,11,0,3,444.75,1334.25,6,0.5,1,0,0,1,0,0,0,0,1,0,0,0,0,0,0,1,0,0,1,0,0,0,Delivered,0,0,0
2023,5,0,2,183.67,367.34,6,0.333,1,0,0,0,0,1,0,0,0,0,1,0,0,0,0,1,0,0,0,1,0,0,Cancelled,1,0,1
2023,12,1,1,483.38,483.38,6,0.167,1,0,0,0,0,0,1,0,1,0,0,0,0,1,0,0,0,0,0,1,0,0,Pending,0,0,0
2023,6,0,5,260.93,1304.65,9,0.556,1,0,0,0,0,0,1,0,0,0,0,0,1,0,0,1,0,1,0,0,0,0,Delivered,0,0,0
2023,12,0,2,253.68,507.36,6,0.333,0,0,0,0,0,0,1,0,0,0,0,1,0,0,1,0,0,0,0,0,0,1,Shipped,0,0,0
2025,6,0,4,699.88,2799.52,5,0.8,1,0,0,0,0,0,0,1,1,0,0,0,0,0,0,0,1,0,0,0,0,1,Pending,0,0,0
2023,1,0,5,319.97,1599.85,7,0.714,1,0,0,0,0,0,1,0,1,0,0,0,0,0,0,1,0,0,0,1,0,0,Shipped,0,0,0
2025,6,0,4,246.91,987.64,8,0.5,1,1,0,0,0,0,0,0,0,0,0,0,1,0,0,1,0,0,0,0,0,1,Pending,0,0,0
2023,3,0,3,392.85,1178.55,6,0.5,0,0,0,0,0,0,1,0,0,1,0,0,0,0,1,0,0,0,0,1,0,0,Returned,0,1,1
2024,5,0,5,420.98,2104.9,7,0.714,1,0,0,0,0,0,0,1,1,0,0,0,0,0,0,1,0,0,1,0,0,0,Delivered,0,0,0
2024,3,0,2,73.26,146.52,4,0.5,1,0,0,0,1,0,0,0,1,0,0,0,0,0,0,0,1,0,1,0,0,0,Pending,0,0,0
2023,1,0,3,410.88,1232.64,8,0.375,1,0,0,0,1,0,0,0,1,0,0,0,0,1,0,0,0,0,0,0,1,0,Delivered,0,0,0
2023,9,1,2,176.46,352.92,2,1.0,1,0,0,0,0,0,0,1,0,1,0,0,0,1,0,0,0,1,0,0,0,0,Delivered,0,0,0
2023,3,0,3,659.57,1978.71,6,0.5,1,0,0,0,1,0,0,0,0,1,0,0,0,0,0,1,0,1,0,0,0,0,Cancelled,1,0,1
2024,12,0,2,478.36,956.72,3,0.667,0,0,0,0,0,1,0,0,0,0,0,0,1,0,1,0,0,0,0,1,0,0,Shipped,0,0,0
2024,12,0,4,30.05,120.2,6,0.667,0,0,0,0,0,0,1,0,0,0,0,0,1,0,1,0,0,0,1,0,0,0,Returned,0,1,1
2025,4,1,4,300.56,1202.24,9,0.444,1,0,0,1,0,0,0,0,1,0,0,0,0,1,0,0,0,0,1,0,0,0,Cancelled,1,0,1
2024,2,1,5,226.45,1132.25,6,0.833,1,0,0,0,0,0,0,1,0,0,1,0,0,1,0,0,0,1,0,0,0,0,Returned,0,1,1
2024,1,0,2,349.4,698.8,2,1.0,1,0,0,0,0,0,1,0,0,0,0,0,1,0,0,1,0,0,0,0,1,0,Shipped,0,0,0
2023,12,0,5,268.78,1343.9,7,0.714,1,0,0,0,0,0,0,1,0,0,1,0,0,0,0,0,1,1,0,0,0,0,Delivered,0,0,0
2024,8,1,2,680.85,1361.7,6,0.333,1,1,0,0,0,0,0,0,0,0,0,1,0,1,0,0,0,0,0,0,0,1,Delivered,0,0,0
2023,7,1,3,182.48,547.4399999999999,3,1.0,0,0,0,1,0,0,0,0,1,0,0,0,0,0,1,0,0,0,0,0,1,0,Delivered,0,0,0
2024,4,1,1,277.09,277.09,2,0.5,1,0,1,0,0,0,0,0,1,0,0,0,0,0,0,1,0,0,0,0,0,1,Returned,0,1,1
2024,4,0,2,26.5,53.0,3,0.667,1,0,0,0,0,0,0,1,0,0,0,0,1,0,0,1,0,0,0,0,1,0,Delivered,0,0,0
2023,10,0,3,315.27,945.81,4,0.75,1,0,0,0,0,1,0,0,0,1,0,0,0,0,0,1,0,1,0,0,0,0,Cancelled,1,0,1
2025,2,0,3,450.98,1352.94,8,0.375,1,0,0,0,0,0,0,1,0,1,0,0,0,0,0,1,0,0,0,0,0,1,Shipped,0,0,0
2024,9,0,5,233.67,1168.35,10,0.5,0,0,0,1,0,0,0,0,1,0,0,0,0,0,1,0,0,0,0,0,0,1,Shipped,0,0,0
2024,1,0,3,367.75,1103.25,7,0.429,1,1,0,0,0,0,0,0,1,0,0,0,0,1,0,0,0,0,1,0,0,0,Pending,0,0,0
2025,5,1,1,23.53,23.53,2,0.5,1,1,0,0,0,0,0,0,0,0,0,1,0,1,0,0,0,0,0,0,1,0,Delivered,0,0,0
2023,5,0,1,677.48,677.48,1,1.0,1,0,0,0,1,0,0,0,0,0,0,0,1,0,0,0,1,0,1,0,0,0,Delivered,0,0,0
2024,5,0,4,554.83,2219.32,6,0.667,0,0,0,1,0,0,0,0,1,0,0,0,0,0,1,0,0,0,0,1,0,0,Returned,0,1,1
2023,2,0,4,440.31,1761.24,6,0.667,0,0,1,0,0,0,0,0,1,0,0,0,0,0,1,0,0,0,0,0,1,0,Cancelled,1,0,1
2025,3,1,1,87.06,87.06,4,0.25,1,0,1,0,0,0,0,0,0,1,0,0,0,1,0,0,0,1,0,0,0,0,Shipped,0,0,0
2023,10,0,4,245.28,981.12,6,0.667,1,0,0,0,0,1,0,0,0,1,0,0,0,0,0,0,1,1,0,0,0,0,Delivered,0,0,0
2023,2,0,5,664.51,3322.55,8,0.625,1,0,0,0,0,1,0,0,0,0,1,0,0,0,0,1,0,1,0,0,0,0,Pending,0,0,0
2023,4,0,1,618.68,618.68,6,0.167,1,1,0,0,0,0,0,0,0,0,0,0,1,0,0,0,1,0,0,0,0,1,Delivered,0,0,0
2024,12,0,1,370.85,370.85,2,0.5,1,0,0,0,1,0,0,0,0,0,0,1,0,1,0,0,0,0,0,0,0,1,Delivered,0,0,0
2024,6,1,4,517.98,2071.92,8,0.5,1,0,0,0,0,0,1,0,1,0,0,0,0,1,0,0,0,0,1,0,0,0,Cancelled,1,0,1
2023,11,1,4,506.11,2024.44,5,0.8,0,0,0,1,0,0,0,0,1,0,0,0,0,0,1,0,0,0,0,0,0,1,Cancelled,1,0,1
2024,5,0,3,413.83,1241.49,8,0.375,1,0,0,0,0,1,0,0,0,0,0,1,0,0,0,1,0,0,1,0,0,0,Shipped,0,0,0
2023,12,0,1,249.81,249.81,1,1.0,1,0,0,0,0,0,1,0,1,0,0,0,0,0,0,1,0,0,0,1,0,0,Pending,0,0,0
2025,3,1,3,362.53,1087.59,5,0.6,0,0,0,0,0,0,0,1,0,0,1,0,0,0,1,0,0,0,1,0,0,0,Returned,0,1,1
2025,6,1,2,299.23,598.46,2,1.0,1,0,1,0,0,0,0,0,0,1,0,0,0,0,0,0,1,0,0,0,1,0,Cancelled,1,0,1
2023,11,0,1,536.07,536.07,5,0.2,1,0,0,0,0,0,0,1,0,0,1,0,0,1,0,0,0,0,0,1,0,0,Delivered,0,0,0
2023,2,1,4,558.9,2235.6,9,0.444,1,0,0,0,1,0,0,0,0,0,0,1,0,0,0,0,1,0,0,1,0,0,Shipped,0,0,0
2024,12,0,2,409.75,819.5,2,1.0,1,0,0,0,0,0,0,1,0,0,1,0,0,0,0,0,1,0,1,0,0,0,Shipped,0,0,0
2025,1,1,2,179.96,359.92,5,0.4,0,0,0,0,0,0,0,1,0,0,0,1,0,0,1,0,0,0,0,0,1,0,Shipped,0,0,0
2025,6,1,1,38.49,38.49,4,0.25,1,0,0,0,0,0,1,0,0,1,0,0,0,1,0,0,0,0,0,0,0,1,Delivered,0,0,0
2024,9,0,5,316.4,1582.0,7,0.714,0,0,0,1,0,0,0,0,0,0,0,1,0,0,1,0,0,1,0,0,0,0,Returned,0,1,1
2024,10,0,3,547.15,1641.45,4,0.75,1,0,0,0,0,0,0,1,0,0,0,0,1,0,0,0,1,0,0,0,1,0,Shipped,0,0,0
2023,6,0,4,540.34,2161.36,6,0.667,1,1,0,0,0,0,0,0,0,0,0,1,0,0,0,0,1,0,0,0,0,1,Shipped,0,0,0
2024,9,0,4,73.65,294.6,9,0.444,0,0,0,0,1,0,0,0,0,0,1,0,0,0,1,0,0,0,0,1,0,0,Shipped,0,0,0
2024,7,0,5,391.86,1959.3,6,0.833,0,0,1,0,0,0,0,0,0,1,0,0,0,0,1,0,0,0,0,0,1,0,Shipped,0,0,0
2023,8,1,5,69.7,348.5,9,0.556,0,0,0,1,0,0,0,0,0,0,0,0,1,0,1,0,0,0,0,0,1,0,Returned,0,1,1
2025,3,0,5,26.43,132.15,5,1.0,1,0,0,0,1,0,0,0,0,0,0,1,0,1,0,0,0,0,1,0,0,0,Shipped,0,0,0
2023,9,0,1,531.74,531.74,1,1.0,1,0,0,0,0,0,0,1,0,0,0,0,1,0,0,0,1,0,0,1,0,0,Shipped,0,0,0
2024,9,1,2,496.62,993.24,2,1.0,1,0,0,0,0,1,0,0,0,0,0,0,1,0,0,1,0,0,0,0,1,0,Pending,0,0,0
2023,11,0,1,660.66,660.66,3,0.333,1,0,0,0,0,0,1,0,0,0,1,0,0,0,0,0,1,0,0,0,1,0,Delivered,0,0,0
2023,10,0,4,274.82,1099.28,9,0.444,1,0,0,0,1,0,0,0,0,0,1,0,0,0,0,0,1,1,0,0,0,0,Delivered,0,0,0
2024,6,0,2,486.35,972.7,6,0.333,1,0,0,0,0,1,0,0,0,0,0,0,1,0,0,1,0,0,0,0,0,1,Pending,0,0,0
2024,9,0,3,428.88,1286.64,3,1.0,1,0,0,1,0,0,0,0,0,0,1,0,0,0,0,0,1,0,1,0,0,0,Shipped,0,0,0
2023,9,0,2,412.14,824.28,2,1.0,1,0,1,0,0,0,0,0,0,1,0,0,0,1,0,0,0,0,0,0,1,0,Returned,0,1,1
2024,9,1,1,265.64,265.64,3,0.333,1,0,1,0,0,0,0,0,0,1,0,0,0,0,0,0,1,0,0,0,1,0,Returned,0,1,1
2024,5,0,2,273.43,546.86,7,0.286,1,0,0,0,0,0,0,1,1,0,0,0,0,0,0,0,1,0,0,0,0,1,Shipped,0,0,0
2025,1,0,5,131.7,658.5,8,0.625,1,0,0,1,0,0,0,0,1,0,0,0,0,1,0,0,0,0,0,1,0,0,Shipped,0,0,0
2023,8,0,5,85.52,427.6,5,1.0,0,1,0,0,0,0,0,0,0,0,0,1,0,0,1,0,0,0,1,0,0,0,Cancelled,1,0,1
2024,6,0,2,320.68,641.36,5,0.4,1,0,1,0,0,0,0,0,0,1,0,0,0,1,0,0,0,0,0,0,0,1,Shipped,0,0,0
2025,2,0,4,198.81,795.24,9,0.444,1,0,0,1,0,0,0,0,1,0,0,0,0,1,0,0,0,0,0,0,0,1,Returned,0,1,1
2023,10,0,5,666.8,3334.0,7,0.714,1,0,0,0,0,0,1,0,0,0,1,0,0,0,0,1,0,0,0,0,0,1,Delivered,0,0,0
2023,12,0,1,355.09,355.09,5,0.2,1,0,1,0,0,0,0,0,0,0,1,0,0,0,0,1,0,0,0,0,1,0,Cancelled,1,0,1
2023,6,0,2,316.2,632.4,2,1.0,0,0,0,0,0,1,0,0,0,0,0,0,1,0,1,0,0,0,0,0,1,0,Returned,0,1,1
2024,8,1,1,133.39,133.39,2,0.5,1,0,0,1,0,0,0,0,0,0,1,0,0,0,0,1,0,0,0,0,0,1,Shipped,0,0,0
2023,2,1,1,454.23,454.23,3,0.333,0,0,0,0,1,0,0,0,0,0,0,1,0,0,1,0,0,0,1,0,0,0,Returned,0,1,1
2024,9,0,4,491.29,1965.16,6,0.667,0,0,1,0,0,0,0,0,0,0,1,0,0,0,1,0,0,1,0,0,0,0,Pending,0,0,0
2025,6,0,2,255.14,510.28,2,1.0,0,0,0,0,0,1,0,0,1,0,0,0,0,0,1,0,0,0,0,1,0,0,Shipped,0,0,0
2023,2,1,1,392.61,392.61,4,0.25,1,0,0,0,1,0,0,0,0,0,0,1,0,0,0,1,0,0,0,0,0,1,Cancelled,1,0,1
2024,10,0,4,362.06,1448.24,4,1.0,0,0,0,0,0,0,0,1,0,0,1,0,0,0,1,0,0,0,1,0,0,0,Returned,0,1,1
2024,5,0,1,222.73,222.73,4,0.25,0,0,0,0,0,1,0,0,0,0,0,0,1,0,1,0,0,0,0,1,0,0,Returned,0,1,1
2024,8,1,2,552.63,1105.26,7,0.286,1,0,0,0,1,0,0,0,0,0,1,0,0,0,0,0,1,0,0,0,1,0,Delivered,0,0,0
2023,5,0,4,686.61,2746.44,6,0.667,0,0,0,1,0,0,0,0,1,0,0,0,0,0,1,0,0,0,0,0,0,1,Shipped,0,0,0
2025,3,0,3,305.16,915.48,8,0.375,1,0,0,0,0,0,1,0,0,1,0,0,0,0,0,1,0,0,0,0,0,1,Cancelled,1,0,1
2023,3,1,1,41.09,41.09,4,0.25,1,0,1,0,0,0,0,0,0,0,0,0,1,0,0,0,1,1,0,0,0,0,Returned,0,1,1
2024,6,0,5,634.0,3170.0,8,0.625,0,0,0,0,0,1,0,0,0,0,0,1,0,0,1,0,0,1,0,0,0,0,Delivered,0,0,0
2023,1,0,5,464.74,2323.7,7,0.714,0,0,0,1,0,0,0,0,0,0,0,1,0,0,1,0,0,0,0,0,0,1,Delivered,0,0,0
2023,4,0,4,425.6,1702.4,5,0.8,1,0,0,0,1,0,0,0,0,1,0,0,0,1,0,0,0,0,0,1,0,0,Pending,0,0,0
2023,10,0,3,573.22,1719.66,5,0.6,1,1,0,0,0,0,0,0,0,0,1,0,0,0,0,1,0,1,0,0,0,0,Pending,0,0,0
2024,7,0,1,123.28,123.28,3,0.333,1,1,0,0,0,0,0,0,0,1,0,0,0,0,0,1,0,1,0,0,0,0,Delivered,0,0,0
2023,1,1,1,70.82,70.82,1,1.0,1,0,0,0,0,1,0,0,0,0,0,1,0,0,0,0,1,0,0,0,1,0,Pending,0,0,0
2023,5,1,2,646.69,1293.38,7,0.286,1,0,0,0,0,0,1,0,0,0,1,0,0,0,0,0,1,0,0,0,1,0,Shipped,0,0,0
2023,12,1,2,513.42,1026.84,5,0.4,1,0,0,0,0,0,0,1,0,0,0,0,1,0,0,0,1,0,0,0,1,0,Pending,0,0,0
2025,3,1,4,693.07,2772.28,8,0.5,1,0,0,1,0,0,0,0,0,0,0,0,1,0,0,1,0,0,0,0,1,0,Shipped,0,0,0
2023,11,0,3,491.43,1474.29,6,0.5,1,0,1,0,0,0,0,0,0,0,0,1,0,0,0,0,1,0,0,0,1,0,Shipped,0,0,0
2025,3,1,2,599.74,1199.48,2,1.0,0,0,0,0,0,0,0,1,0,0,0,1,0,0,1,0,0,0,0,0,1,0,Shipped,0,0,0
2023,2,1,2,650.25,1300.5,6,0.333,0,0,0,0,1,0,0,0,0,0,0,1,0,0,1,0,0,0,0,0,1,0,Returned,0,1,1
2024,10,0,3,209.48,628.4399999999999,4,0.75,0,0,0,1,0,0,0,0,0,0,1,0,0,0,1,0,0,1,0,0,0,0,Pending,0,0,0
2023,8,0,5,209.2,1046.0,6,0.833,1,0,0,1,0,0,0,0,0,0,1,0,0,0,0,0,1,1,0,0,0,0,Delivered,0,0,0
2023,6,0,4,197.36,789.44,9,0.444,1,0,0,0,0,1,0,0,0,0,0,1,0,1,0,0,0,0,0,0,1,0,Returned,0,1,1
2023,6,0,4,648.91,2595.64,6,0.667,1,0,0,0,0,0,1,0,0,1,0,0,0,0,0,1,0,0,0,0,1,0,Shipped,0,0,0
2024,4,0,2,441.54,883.08,2,1.0,1,0,0,0,0,1,0,0,0,0,0,0,1,0,0,1,0,1,0,0,0,0,Delivered,0,0,0
2025,5,1,2,464.92,929.84,2,1.0,0,0,0,0,0,0,0,1,0,0,1,0,0,0,1,0,0,0,1,0,0,0,Returned,0,1,1
2024,12,0,5,506.45,2532.25,7,0.714,1,0,0,0,1,0,0,0,0,0,0,1,0,0,0,0,1,0,0,1,0,0,Shipped,0,0,0
2023,6,1,4,255.86,1023.44,7,0.571,0,0,0,0,1,0,0,0,0,1,0,0,0,0,1,0,0,1,0,0,0,0,Delivered,0,0,0
2024,9,0,2,125.23,250.46,3,0.667,1,0,0,1,0,0,0,0,1,0,0,0,0,1,0,0,0,1,0,0,0,0,Cancelled,1,0,1
2023,8,0,5,38.11,190.55,6,0.833,1,0,0,1,0,0,0,0,0,0,1,0,0,0,0,0,1,0,0,0,1,0,Cancelled,1,0,1
2025,6,1,3,161.97,485.91,4,0.75,1,0,0,0,1,0,0,0,1,0,0,0,0,0,0,1,0,1,0,0,0,0,Pending,0,0,0
2024,6,0,4,347.17,1388.68,8,0.5,0,1,0,0,0,0,0,0,0,0,1,0,0,0,1,0,0,0,0,0,1,0,Shipped,0,0,0
2023,4,0,4,276.32,1105.28,5,0.8,0,0,0,1,0,0,0,0,0,0,0,0,1,0,1,0,0,0,0,1,0,0,Delivered,0,0,0
2024,7,0,4,314.76,1259.04,8,0.5,0,0,0,0,0,0,0,1,0,0,0,0,1,0,1,0,0,0,0,0,1,0,Shipped,0,0,0
2024,1,0,3,475.69,1427.07,3,1.0,1,0,0,0,0,0,0,1,0,0,0,1,0,1,0,0,0,0,0,1,0,0,Cancelled,1,0,1
2023,3,1,1,372.8,372.8,6,0.167,1,1,0,0,0,0,0,0,1,0,0,0,0,0,0,1,0,0,1,0,0,0,Cancelled,1,0,1
2025,6,0,2,63.21,126.42,4,0.5,1,0,0,0,0,0,0,1,0,0,0,0,1,0,0,1,0,0,0,1,0,0,Cancelled,1,0,1
2023,3,0,1,634.94,634.94,5,0.2,1,0,0,1,0,0,0,0,0,0,0,0,1,0,0,0,1,0,0,0,1,0,Cancelled,1,0,1
2024,4,0,4,77.47,309.88,7,0.571,1,0,0,0,0,0,1,0,0,0,0,1,0,0,0,1,0,0,0,0,1,0,Returned,0,1,1
2024,2,1,3,84.31,252.93,3,1.0,1,1,0,0,0,0,0,0,0,1,0,0,0,0,0,1,0,1,0,0,0,0,Shipped,0,0,0
2023,5,1,4,234.45,937.8,9,0.444,1,0,0,0,1,0,0,0,0,0,0,0,1,1,0,0,0,0,0,0,1,0,Cancelled,1,0,1
2023,10,0,1,356.81,356.81,1,1.0,1,0,1,0,0,0,0,0,0,0,0,0,1,0,0,0,1,0,0,0,1,0,Delivered,0,0,0
2023,3,1,4,209.99,839.96,8,0.5,0,0,1,0,0,0,0,0,1,0,0,0,0,0,1,0,0,0,0,1,0,0,Delivered,0,0,0
2023,3,0,3,659.88,1979.64,3,1.0,0,0,0,0,0,0,0,1,0,0,0,1,0,0,1,0,0,0,0,1,0,0,Cancelled,1,0,1
2025,6,0,2,336.32,672.64,3,0.667,0,0,0,1,0,0,0,0,0,0,0,0,1,0,1,0,0,0,0,1,0,0,Returned,0,1,1
2023,10,1,2,531.49,1062.98,7,0.286,1,0,0,0,0,0,1,0,0,1,0,0,0,0,0,0,1,0,1,0,0,0,Delivered,0,0,0
2024,5,0,3,588.44,1765.32,8,0.375,1,1,0,0,0,0,0,0,0,0,0,1,0,0,0,0,1,0,0,1,0,0,Shipped,0,0,0
2024,5,0,3,251.48,754.4399999999999,4,0.75,0,0,0,0,0,1,0,0,0,1,0,0,0,0,1,0,0,1,0,0,0,0,Returned,0,1,1
2024,11,1,1,684.65,684.65,1,1.0,1,0,0,1,0,0,0,0,0,1,0,0,0,1,0,0,0,1,0,0,0,0,Delivered,0,0,0
2025,5,1,1,195.86,195.86,3,0.333,0,0,0,0,0,0,0,1,0,0,0,0,1,0,1,0,0,0,1,0,0,0,Pending,0,0,0
2023,5,1,3,50.34,151.02,3,1.0,1,0,0,0,0,1,0,0,0,0,0,1,0,1,0,0,0,0,0,0,1,0,Returned,0,1,1
2023,6,0,5,678.19,3390.95,8,0.625,0,0,0,0,1,0,0,0,0,0,0,0,1,0,1,0,0,0,1,0,0,0,Returned,0,1,1
2023,4,0,3,554.25,1662.75,6,0.5,1,0,0,0,0,0,0,1,0,0,1,0,0,0,0,0,1,0,0,0,0,1,Shipped,0,0,0
2023,5,0,4,576.87,2307.48,5,0.8,0,1,0,0,0,0,0,0,0,0,0,1,0,0,1,0,0,0,0,0,1,0,Returned,0,1,1
2023,10,0,4,408.36,1633.44,4,1.0,1,0,1,0,0,0,0,0,0,0,0,1,0,1,0,0,0,0,0,0,0,1,Cancelled,1,0,1
2024,7,0,5,190.11,950.5500000000001,7,0.714,1,0,0,0,0,1,0,0,1,0,0,0,0,0,0,1,0,0,0,1,0,0,Delivered,0,0,0
2025,3,1,3,602.75,1808.25,6,0.5,1,0,0,0,0,0,1,0,0,1,0,0,0,0,0,1,0,1,0,0,0,0,Shipped,0,0,0
2023,8,0,3,646.79,1940.37,5,0.6,1,0,0,0,1,0,0,0,1,0,0,0,0,0,0,0,1,0,0,1,0,0,Cancelled,1,0,1
2023,6,1,4,418.71,1674.84,8,0.5,1,1,0,0,0,0,0,0,1,0,0,0,0,1,0,0,0,0,0,0,1,0,Pending,0,0,0
2025,2,1,2,323.45,646.9,5,0.4,1,0,0,1,0,0,0,0,0,1,0,0,0,1,0,0,0,0,0,0,1,0,Returned,0,1,1
2024,7,0,1,694.5,694.5,3,0.333,1,0,0,0,0,1,0,0,0,1,0,0,0,0,0,0,1,0,1,0,0,0,Pending,0,0,0
2024,12,0,2,337.32,674.64,4,0.5,1,1,0,0,0,0,0,0,0,1,0,0,0,0,0,1,0,1,0,0,0,0,Cancelled,1,0,1
2024,4,0,2,467.91,935.82,5,0.4,1,0,0,0,0,0,1,0,0,0,0,1,0,0,0,0,1,0,1,0,0,0,Returned,0,1,1
2024,6,1,4,38.28,153.12,4,1.0,1,0,1,0,0,0,0,0,0,0,1,0,0,0,0,0,1,0,1,0,0,0,Cancelled,1,0,1
2023,12,0,2,73.41,146.82,2,1.0,1,0,0,0,0,0,1,0,0,0,0,0,1,0,0,1,0,0,0,1,0,0,Shipped,0,0,0
2023,9,1,3,668.33,2004.99,4,0.75,1,0,0,0,0,0,0,1,0,0,0,1,0,0,0,0,1,0,1,0,0,0,Pending,0,0,0
2024,7,0,4,410.21,1640.84,5,0.8,1,0,0,0,0,0,1,0,1,0,0,0,0,0,0,0,1,0,0,0,1,0,Pending,0,0,0
2023,12,0,4,294.41,1177.64,4,1.0,0,0,1,0,0,0,0,0,0,0,1,0,0,0,1,0,0,0,0,0,1,0,Pending,0,0,0
2025,3,1,3,501.82,1505.46,4,0.75,1,1,0,0,0,0,0,0,0,0,0,1,0,1,0,0,0,1,0,0,0,0,Cancelled,1,0,1
2024,6,0,2,552.83,1105.66,3,0.667,0,0,0,0,0,0,1,0,0,1,0,0,0,0,1,0,0,0,0,0,0,1,Cancelled,1,0,1
2025,2,1,3,498.66,1495.98,6,0.5,0,1,0,0,0,0,0,0,1,0,0,0,0,0,1,0,0,1,0,0,0,0,Cancelled,1,0,1
2024,8,0,4,695.1,2780.4,8,0.5,0,0,0,0,0,1,0,0,0,0,1,0,0,0,1,0,0,1,0,0,0,0,Returned,0,1,1
2023,4,0,1,381.61,381.61,5,0.2,0,1,0,0,0,0,0,0,0,0,1,0,0,0,1,0,0,1,0,0,0,0,Pending,0,0,0
2023,2,0,5,507.94,2539.7,9,0.556,0,0,1,0,0,0,0,0,0,0,0,0,1,0,1,0,0,0,1,0,0,0,Cancelled,1,0,1
2025,5,0,3,571.53,1714.59,6,0.5,1,0,1,0,0,0,0,0,0,0,1,0,0,1,0,0,0,0,1,0,0,0,Delivered,0,0,0
2024,10,0,5,421.44,2107.2,5,1.0,1,0,0,0,1,0,0,0,1,0,0,0,0,0,0,1,0,0,0,0,1,0,Pending,0,0,0
2025,1,0,2,588.3,1176.6,2,1.0,1,1,0,0,0,0,0,0,0,0,0,0,1,1,0,0,0,1,0,0,0,0,Pending,0,0,0
2024,6,0,1,355.15,355.15,2,0.5,1,0,0,0,0,1,0,0,1,0,0,0,0,0,0,1,0,1,0,0,0,0,Returned,0,1,1
2024,7,0,2,695.29,1390.58,6,0.333,1,1,0,0,0,0,0,0,0,1,0,0,0,1,0,0,0,0,0,0,1,0,Pending,0,0,0
2023,2,0,4,302.65,1210.6,8,0.5,1,0,1,0,0,0,0,0,0,1,0,0,0,0,0,1,0,0,0,0,0,1,Cancelled,1,0,1
2023,1,1,2,608.04,1216.08,4,0.5,0,1,0,0,0,0,0,0,1,0,0,0,0,0,1,0,0,0,0,1,0,0,Cancelled,1,0,1
2023,11,0,2,344.18,688.36,7,0.286,0,0,0,0,0,0,0,1,0,1,0,0,0,0,1,0,0,0,0,0,0,1,Shipped,0,0,0
2024,12,0,4,696.71,2786.84,4,1.0,0,0,0,0,1,0,0,0,0,0,1,0,0,0,1,0,0,0,0,0,1,0,Shipped,0,0,0
2025,6,0,3,198.63,595.89,8,0.375,1,0,0,0,1,0,0,0,1,0,0,0,0,0,0,1,0,0,0,0,1,0,Pending,0,0,0
2023,8,1,4,534.57,2138.28,6,0.667,1,0,0,0,0,0,1,0,0,1,0,0,0,1,0,0,0,0,1,0,0,0,Delivered,0,0,0
2023,7,0,4,690.78,2763.12,9,0.444,0,0,0,1,0,0,0,0,0,1,0,0,0,0,1,0,0,0,0,0,0,1,Shipped,0,0,0
2024,5,0,3,301.55,904.6500000000001,5,0.6,1,0,0,0,1,0,0,0,0,0,1,0,0,1,0,0,0,0,0,1,0,0,Delivered,0,0,0
2023,4,0,4,27.42,109.68,4,1.0,1,0,0,0,1,0,0,0,0,0,1,0,0,0,0,1,0,0,0,0,0,1,Pending,0,0,0
2024,2,0,4,466.7,1866.8,8,0.5,0,0,1,0,0,0,0,0,0,0,1,0,0,0,1,0,0,0,0,0,1,0,Returned,0,1,1
2024,9,0,1,541.64,541.64,5,0.2,1,0,1,0,0,0,0,0,0,0,1,0,0,0,0,1,0,1,0,0,0,0,Shipped,0,0,0
2023,10,0,1,11.39,11.39,6,0.167,1,0,0,0,0,1,0,0,1,0,0,0,0,0,0,0,1,1,0,0,0,0,Cancelled,1,0,1
2025,3,0,2,224.37,448.74,3,0.667,1,0,0,0,0,1,0,0,0,0,1,0,0,0,0,0,1,0,0,0,0,1,Delivered,0,0,0
2024,6,0,3,306.29,918.8700000000001,7,0.429,1,0,0,1,0,0,0,0,0,1,0,0,0,0,0,0,1,0,0,0,1,0,Returned,0,1,1
2024,1,0,5,315.57,1577.85,6,0.833,1,0,0,0,0,0,0,1,0,0,1,0,0,0,0,0,1,1,0,0,0,0,Delivered,0,0,0
2023,7,0,3,223.79,671.37,3,1.0,0,1,0,0,0,0,0,0,0,0,1,0,0,0,1,0,0,0,0,1,0,0,Pending,0,0,0
2023,7,0,3,324.47,973.4100000000001,4,0.75,1,1,0,0,0,0,0,0,1,0,0,0,0,0,0,0,1,1,0,0,0,0,Delivered,0,0,0
2023,10,0,2,92.87,185.74,5,0.4,1,0,0,0,0,0,1,0,0,1,0,0,0,1,0,0,0,0,1,0,0,0,Pending,0,0,0
2023,4,1,2,331.42,662.84,6,0.333,1,0,0,1,0,0,0,0,0,1,0,0,0,0,0,0,1,0,0,1,0,0,Delivered,0,0,0
2024,12,0,1,525.43,525.43,2,0.5,1,1,0,0,0,0,0,0,1,0,0,0,0,0,0,1,0,0,0,0,1,0,Cancelled,1,0,1
2023,8,0,2,697.19,1394.38,7,0.286,1,0,0,0,0,0,1,0,1,0,0,0,0,1,0,0,0,1,0,0,0,0,Returned,0,1,1
2023,8,0,4,518.4,2073.6,7,0.571,1,0,0,0,0,1,0,0,0,1,0,0,0,0,0,1,0,0,1,0,0,0,Delivered,0,0,0
2025,2,0,3,131.96,395.88,8,0.375,0,0,1,0,0,0,0,0,0,1,0,0,0,0,1,0,0,0,0,0,1,0,Pending,0,0,0
2024,10,0,1,208.36,208.36,4,0.25,1,0,0,0,1,0,0,0,0,0,0,0,1,1,0,0,0,1,0,0,0,0,Shipped,0,0,0
2023,11,0,3,222.34,667.02,5,0.6,1,0,0,0,0,0,1,0,0,1,0,0,0,0,0,0,1,1,0,0,0,0,Returned,0,1,1
2024,9,0,3,91.74,275.22,8,0.375,1,0,0,0,0,0,1,0,0,0,1,0,0,1,0,0,0,0,0,0,0,1,Returned,0,1,1
2023,8,1,2,213.83,427.66,2,1.0,1,0,0,0,0,0,0,1,0,0,1,0,0,0,0,0,1,1,0,0,0,0,Cancelled,1,0,1
2023,4,0,1,127.55,127.55,3,0.333,1,0,0,0,0,0,1,0,1,0,0,0,0,0,0,1,0,0,0,0,0,1,Shipped,0,0,0
2024,9,1,1,70.24,70.24,4,0.25,1,0,0,0,1,0,0,0,0,1,0,0,0,1,0,0,0,0,0,1,0,0,Cancelled,1,0,1
2023,1,1,5,518.55,2592.75,6,0.833,1,0,0,1,0,0,0,0,0,1,0,0,0,0,0,0,1,0,0,0,1,0,Cancelled,1,0,1
2023,10,0,4,298.36,1193.44,8,0.5,1,1,0,0,0,0,0,0,0,0,1,0,0,1,0,0,0,0,0,1,0,0,Pending,0,0,0
2023,7,0,3,158.74,476.22,7,0.429,1,0,1,0,0,0,0,0,0,0,0,0,1,1,0,0,0,0,0,0,1,0,Pending,0,0,0
2025,6,1,2,420.29,840.58,3,0.667,1,1,0,0,0,0,0,0,0,0,0,1,0,0,0,1,0,0,0,1,0,0,Returned,0,1,1
2023,4,0,1,281.52,281.52,6,0.167,1,0,1,0,0,0,0,0,0,0,0,1,0,0,0,0,1,0,0,0,0,1,Shipped,0,0,0
2023,9,0,1,204.08,204.08,4,0.25,0,0,0,1,0,0,0,0,0,0,0,1,0,0,1,0,0,0,0,1,0,0,Returned,0,1,1
2024,7,0,1,343.31,343.31,6,0.167,1,1,0,0,0,0,0,0,0,0,0,1,0,0,0,1,0,0,0,1,0,0,Returned,0,1,1
2023,11,1,1,163.32,163.32,6,0.167,1,0,0,0,1,0,0,0,1,0,0,0,0,0,0,0,1,0,1,0,0,0,Shipped,0,0,0
2024,3,0,2,184.6,369.2,7,0.286,1,0,1,0,0,0,0,0,0,0,0,1,0,0,0,0,1,1,0,0,0,0,Delivered,0,0,0
2023,10,1,2,371.29,742.58,5,0.4,1,0,0,0,0,0,1,0,0,0,0,1,0,0,0,0,1,0,1,0,0,0,Shipped,0,0,0
2024,8,1,5,389.22,1946.1,7,0.714,0,0,0,0,0,0,0,1,1,0,0,0,0,0,1,0,0,0,0,0,0,1,Cancelled,1,0,1
2025,6,1,3,616.39,1849.17,6,0.5,1,0,1,0,0,0,0,0,0,1,0,0,0,1,0,0,0,0,0,0,1,0,Shipped,0,0,0
2025,2,0,4,376.43,1505.72,5,0.8,1,0,1,0,0,0,0,0,0,0,0,1,0,0,0,0,1,0,0,0,1,0,Pending,0,0,0
2024,2,0,3,432.85,1298.55,4,0.75,0,1,0,0,0,0,0,0,0,0,0,0,1,0,1,0,0,0,0,0,1,0,Pending,0,0,0
2025,6,0,1,687.89,687.89,1,1.0,1,0,0,0,0,0,0,1,1,0,0,0,0,1,0,0,0,1,0,0,0,0,Returned,0,1,1
2023,11,1,3,189.44,568.3199999999999,4,0.75,1,0,0,0,0,0,1,0,1,0,0,0,0,1,0,0,0,1,0,0,0,0,Pending,0,0,0
2024,6,0,1,107.04,107.04,6,0.167,1,0,1,0,0,0,0,0,0,1,0,0,0,1,0,0,0,0,0,1,0,0,Cancelled,1,0,1
2024,3,0,2,662.53,1325.06,5,0.4,0,0,0,0,1,0,0,0,0,0,0,0,1,0,1,0,0,0,1,0,0,0,Cancelled,1,0,1
2023,7,0,2,436.84,873.68,2,1.0,1,0,0,0,0,0,0,1,0,0,0,0,1,1,0,0,0,0,0,0,1,0,Delivered,0,0,0
2024,8,0,4,262.52,1050.08,4,1.0,1,1,0,0,0,0,0,0,0,0,1,0,0,0,0,0,1,0,0,0,1,0,Cancelled,1,0,1
2023,6,1,4,560.58,2242.32,6,0.667,1,0,0,0,0,0,0,1,0,0,0,1,0,0,0,1,0,0,0,0,0,1,Returned,0,1,1
